County,(To sort by county and year),(To sort by year and county),Year,State and County FIPS Code,Alzheimer's Disease/Dementia Prevalence (%),Arthritis Prevalence (%),Asthma Prevalence (%),Atrial Fibrillation Prevalence (%),Autism Spectrum Disorders Prevalence (%),COPD Prevalence (%),Cancer Prevalence (%),Chronic Kidney Disease Prevalence (%),Depression  Prevalence (%),Diabetes Prevalence (%),HIV/AIDS Prevalence (%),Heart Failure Prevalence (%),Hepatitis (Chronic Viral B & C) Prevalence (%),Hyperlipidemia Prevalence (%),Hypertension Prevalence (%),Ischemic Heart Disease Prevalence (%),Osteoporosis Prevalence (%),Schizophrenia/Other Psychotic Disorders Prevalence (%),Stroke Prevalence (%)
State Total,.2007,200753000,2007,.,9.2,20.4,3.5,7.8,0.1,8.6,7.1,10.1,11.7,21.0,0.3,13.7,0.8,32.7,42.4,21.8,4.9,3.0,3.2
Adams,53001 2007,200753001,2007,53001,10.4,22.7,3.2,7.7,0.0,9.9,6.1,10.8,11.1,28.5,,16.4,,33.8,46.4,26.9,3.0,1.8,3.0
Asotin,53003 2007,200753003,2007,53003,11.0,25.1,3.8,8.1,0.0,10.6,8.9,9.8,10.4,23.3,,16.1,0.4,37.7,44.1,27.5,5.4,2.3,3.3
Benton,53005 2007,200753005,2007,53005,10.6,22.9,4.2,6.9,,10.2,8.0,9.5,11.5,25.1,0.1,13.3,0.6,42.1,47.1,27.0,5.8,2.4,4.4
Chelan,53007 2007,200753007,2007,53007,9.4,21.0,2.9,8.7,,8.2,7.7,9.2,13.4,19.7,0.1,11.7,0.6,33.5,42.1,19.4,4.3,2.1,3.1
Clallam,53009 2007,200753009,2007,53009,7.6,24.4,3.5,8.1,,8.3,7.0,6.4,9.2,19.3,0.1,12.5,0.7,32.3,40.4,21.5,5.5,2.3,3.0
Clark,53011 2007,200753011,2007,53011,9.3,16.6,3.9,7.5,0.1,8.6,6.3,10.6,12.8,21.2,0.2,13.8,0.7,28.4,39.7,20.0,3.6,3.5,3.3
Columbia,53013 2007,200753013,2007,53013,8.3,19.8,4.1,5.6,0.0,11.9,7.9,9.1,12.3,23.0,,16.0,0.0,32.6,42.5,27.1,3.5,4.1,2.7
Cowlitz,53015 2007,200753015,2007,53015,9.1,20.6,4.6,8.4,,12.4,6.2,11.6,14.1,22.8,0.3,16.7,0.6,31.9,43.5,22.6,4.5,4.1,3.3
Douglas,53017 2007,200753017,2007,53017,9.9,23.4,2.8,8.6,0.0,8.9,7.9,10.0,13.1,20.5,,12.9,0.4,36.7,42.8,21.6,4.3,2.1,3.6
Ferry,53019 2007,200753019,2007,53019,4.9,15.2,2.7,5.2,0.0,11.8,5.3,6.3,7,17.4,,12.2,,20.7,28.1,22.0,3.6,1.9,2.1
Franklin,53021 2007,200753021,2007,53021,9.3,20.4,4.3,6.6,,10.5,7.1,10.3,11,27.0,,12.6,0.7,42.1,43.8,26.6,4.5,2.5,4.5
Garfield,53023 2007,200753023,2007,53023,14.8,27.4,4.4,9.5,0.0,9.7,10.3,13.1,10.3,24.7,,18.4,0.0,50.2,50.8,32.3,5.1,2.3,4.0
Grant,53025 2007,200753025,2007,53025,8.8,24.7,3.0,7.3,,10.1,7.0,9.7,11.7,25.6,0.2,14.0,0.4,33.8,43.3,22.5,4.0,2.2,2.8
Grays Harbor,53027 2007,200753027,2007,53027,8.0,20.0,4.0,8.3,0.1,11.5,6.4,10.3,12,24.1,0.2,16.9,0.7,37.9,48.7,26.2,4.1,2.6,3.7
Island,53029 2007,200753029,2007,53029,7.0,21.5,2.9,8.1,,7.2,8.1,8.2,10,18.9,0.2,11.8,0.4,35.7,42.5,20.7,4.2,1.8,2.6
Jefferson,53031 2007,200753031,2007,53031,6.8,17.1,2.6,8.6,,5.9,7.1,7.2,9.3,15.8,0.2,12.6,0.5,32.8,41.0,18.2,3.3,1.2,3.0
King,53033 2007,200753033,2007,53033,10.1,19.0,3.3,7.5,0.1,6.7,7.1,10.6,11.5,19.2,0.6,12.3,1.0,30.4,40.8,21.0,5.1,3.5,3.2
Kitsap,53035 2007,200753035,2007,53035,9.6,19.4,4.1,8.5,0.1,8.3,7.2,10.2,11.7,21.2,0.2,16.0,0.5,34.2,46.5,20.3,4.5,2.7,3.2
Kittitas,53037 2007,200753037,2007,53037,7.3,20.0,2.2,7.5,,7.1,6.9,7.3,8.6,18.5,,11.2,0.5,34.4,36.7,20.1,3.9,2.3,2.5
Klickitat,53039 2007,200753039,2007,53039,6.9,15.8,3.0,6.7,,7.6,6.6,6.9,8.5,20.4,,14.8,0.5,28.8,32.9,18.0,3.3,2.0,2.8
Lewis,53041 2007,200753041,2007,53041,8.4,18.8,2.5,7.4,,9.5,6.9,9.0,10.9,21.2,0.2,16.3,0.6,30.7,39.2,20.9,4.7,1.8,3.1
Lincoln,53043 2007,200753043,2007,53043,9.5,26.2,3.7,9.0,0.0,10.8,7.1,11.8,10.6,22.6,,14.2,,33.3,43.3,26.3,6.5,1.6,4.1
Mason,53045 2007,200753045,2007,53045,6.5,20.6,3.0,8.1,,8.1,7.1,7.8,9.2,20.5,0.2,14.0,0.7,32.4,40.4,22.7,3.2,1.6,3.0
Okanogan,53047 2007,200753047,2007,53047,7.7,20.3,2.6,7.4,,9.0,6.6,8.5,11,20.7,0.3,13.2,0.6,32.3,37.6,21.8,3.7,1.8,2.7
Pacific,53049 2007,200753049,2007,53049,7.4,21.4,2.8,9.0,,10.8,7.1,8.7,10.3,23.5,,15.2,0.8,35.2,47.8,24.5,4.1,2.0,3.3
Pend Oreille,53051 2007,200753051,2007,53051,6.2,18.0,2.4,6.1,0.0,9.7,6.4,8.6,10.6,21.9,,13.0,0.9,27.6,34.9,22.3,4.4,1.8,2.7
Pierce,53053 2007,200753053,2007,53053,8.7,21.8,4.0,7.2,0.1,10.2,6.7,11.1,12.3,22.1,0.2,14.9,0.8,34.2,45.8,21.3,5.6,3.4,3.5
San Juan,53055 2007,200753055,2007,53055,7.6,18.3,3.6,9.0,,5.2,7.9,5.6,10.6,12.6,,9.5,0.9,32.3,36.7,17.8,3.8,1.2,2.2
Skagit,53057 2007,200753057,2007,53057,8.7,19.3,3.1,9.1,0.1,7.6,7.6,8.5,12.8,19.8,0.1,12.3,0.7,33.4,44.6,20.5,4.3,2.7,2.9
Skamania,53059 2007,200753059,2007,53059,6.7,13.2,1.5,6.7,,6.4,6.4,7.3,8.6,19.7,0.0,14.1,,23.5,37.2,16.4,1.6,1.1,2.2
Snohomish,53061 2007,200753061,2007,53061,9.3,20.0,3.4,8.0,0.1,7.8,7.0,11.1,12.4,21.5,0.2,12.8,0.9,30.7,40.7,20.9,4.4,2.9,3.2
Spokane,53063 2007,200753063,2007,53063,9.9,22.3,3.5,7.9,0.1,9.9,7.2,10.9,12.5,20.7,0.2,13.2,0.7,34.5,42.7,22.0,6.5,3.4,3.4
Stevens,53065 2007,200753065,2007,53065,6.8,21.9,3.1,6.9,0.0,11.3,6.5,7.6,8.5,20.7,,13.0,0.5,26.0,34.2,22.9,4.8,1.9,3.4
Thurston,53067 2007,200753067,2007,53067,9.2,21.1,3.7,6.8,0.1,8.3,6.2,9.3,11.9,19.9,0.2,14.0,0.7,28.2,37.5,21.0,4.6,3.1,2.8
Wahkiakum,53069 2007,200753069,2007,53069,5.6,19.2,4.4,8.0,0.0,9.9,5.8,8.9,10.2,20.9,,15.4,,24.3,37.0,21.0,3.9,3.1,2.5
Walla Walla,53071 2007,200753071,2007,53071,11.4,20.8,4.6,8.7,,8.7,8.9,8.5,11.6,20.9,,16.3,0.5,33.9,43.9,22.8,6.0,2.5,2.8
Whatcom,53073 2007,200753073,2007,53073,9.0,18.3,3.9,9.3,0.1,8.1,7.5,9.3,13,20.5,0.3,13.5,1.4,34.1,43.8,23.8,5.2,3.4,3.2
Whitman,53075 2007,200753075,2007,53075,8.1,27.9,6.7,7.9,,9.3,7.5,11.8,8.9,21.5,,17.4,0.4,31.8,44.0,24.8,5.2,2.9,3.8
Yakima,53077 2007,200753077,2007,53077,8.9,20.7,3.6,7.9,0.1,9.6,7.8,10.5,11.4,25.6,0.2,16.5,0.6,36.5,46.3,25.1,4.7,2.6,3.2
State Total,.2008,200853000,2008,.,9.3,20.8,3.7,7.7,0.1,8.5,7.1,10.8,12.2,21.6,0.3,13.3,0.8,33.7,43.3,21.5,5.2,3.0,3.2
Adams,53001 2008,200853001,2008,53001,11.0,24.5,2.9,7.8,0.0,9.7,6.4,12.3,12.4,29.4,,15.2,,35.6,49.8,26.8,4.7,2.2,3.1
Asotin,53003 2008,200853003,2008,53003,10.6,25.5,4.0,8.2,0.0,10.3,9.0,10.6,10.7,24.1,,16.8,0.4,36.9,45.1,25.3,5.5,2.2,3.3
Benton,53005 2008,200853005,2008,53005,11.6,23.5,4.5,7.0,0.1,10.7,8.1,10.9,13.1,26.0,0.1,12.9,0.6,43.2,48.7,26.6,6.4,2.6,4.4
Chelan,53007 2008,200853007,2008,53007,9.7,22.0,3.4,8.7,,7.9,7.9,9.9,14.2,20.3,0.1,11.2,0.7,34.2,42.8,19.5,4.5,2.1,3.3
Clallam,53009 2008,200853009,2008,53009,8.0,24.2,3.9,7.9,,7.9,7.2,7.1,10.8,19.6,0.1,12.0,0.7,34.6,43.8,20.4,6.0,2.2,2.8
Clark,53011 2008,200853011,2008,53011,9.5,16.5,3.8,7.4,0.1,8.3,5.8,11.2,12.8,22.2,0.2,13.8,0.7,29.2,40.8,20.0,4.0,3.4,3.2
Columbia,53013 2008,200853013,2008,53013,8.7,21.7,4.8,7.0,,9.8,7.4,10.9,11.7,23.0,,14.8,0.0,33.8,40.7,25.9,3.3,4.1,2.6
Cowlitz,53015 2008,200853015,2008,53015,9.1,22.0,4.9,8.2,0.1,12.5,6.5,12.5,14.7,23.7,0.2,16.3,0.6,32.1,45.0,22.4,5.1,3.9,3.2
Douglas,53017 2008,200853017,2008,53017,9.6,24.0,2.7,8.6,0.0,9.1,7.9,10.1,14.2,21.3,,12.9,0.6,37.1,43.2,21.4,4.7,2.0,3.1
Ferry,53019 2008,200853019,2008,53019,4.9,16.9,2.5,5.9,0.0,12.4,5.1,6.2,8.7,18.4,,12.4,1.3,22.4,31.3,22.7,3.5,2.3,2.7
Franklin,53021 2008,200853021,2008,53021,10.1,21.0,4.4,6.3,,10.0,6.8,11.2,12,28.6,0.3,12.3,0.9,44.0,46.8,26.4,5.2,2.7,3.9
Garfield,53023 2008,200853023,2008,53023,16.5,25.6,,7.8,0.0,8.2,10.4,14.3,13.4,27.5,,19.1,0.0,53.8,52.1,29.3,6.9,,2.8
Grant,53025 2008,200853025,2008,53025,8.8,26.2,3.3,7.2,,9.8,6.7,10.2,11.6,26.2,0.2,14.5,0.4,34.7,44.8,22.5,3.7,2.1,3.0
Grays Harbor,53027 2008,200853027,2008,53027,8.1,20.9,4.4,8.0,,12.1,6.3,11.6,12.8,24.5,0.1,16.7,0.7,39.5,50.5,25.6,4.4,2.4,3.6
Island,53029 2008,200853029,2008,53029,7.3,22.7,3.6,7.9,,7.4,8.6,8.9,11.1,19.3,0.2,12.6,0.5,36.6,44.1,21.0,5.0,1.5,2.7
Jefferson,53031 2008,200853031,2008,53031,6.2,17.6,2.5,8.7,,6.2,7.6,8.0,10.1,16.5,0.1,12.0,0.6,34.3,42.8,17.8,4.2,1.3,3.1
King,53033 2008,200853033,2008,53033,10.2,19.4,3.4,7.4,0.1,6.7,7.1,11.3,12,19.6,0.6,11.9,1.0,31.2,41.6,20.8,5.4,3.6,3.1
Kitsap,53035 2008,200853035,2008,53035,9.3,19.5,4.3,8.4,0.1,7.8,6.8,11.0,12.3,21.6,0.3,15.6,0.6,35.3,46.2,19.7,4.5,2.7,3.4
Kittitas,53037 2008,200853037,2008,53037,7.3,22.7,2.7,7.5,,7.3,7.5,7.8,10,19.2,,10.9,0.5,35.5,38.5,19.6,3.4,2.2,2.3
Klickitat,53039 2008,200853039,2008,53039,6.8,15.5,2.8,6.4,,7.6,6.9,6.3,8.9,20.5,,13.3,0.5,28.2,34.3,17.8,3.3,2.2,2.9
Lewis,53041 2008,200853041,2008,53041,8.5,19.1,2.9,7.8,,9.3,7.0,9.5,12.1,21.9,0.1,15.8,0.7,33.2,41.3,21.6,5.6,1.9,3.1
Lincoln,53043 2008,200853043,2008,53043,9.5,28.0,3.5,8.9,0.0,11.6,7.7,12.0,11,23.4,,13.7,,35.1,44.4,25.9,5.8,1.7,3.5
Mason,53045 2008,200853045,2008,53045,6.7,20.5,3.1,8.1,,8.2,7.5,8.1,10.5,20.7,0.2,13.2,0.7,32.6,41.1,22.3,3.6,1.6,2.4
Okanogan,53047 2008,200853047,2008,53047,7.9,20.5,2.8,7.0,,9.4,6.2,9.9,11.4,21.3,0.3,12.5,0.5,33.2,37.5,21.5,3.7,1.9,2.4
Pacific,53049 2008,200853049,2008,53049,7.8,23.1,3.2,8.3,,11.0,7.0,9.5,10.7,24.9,,15.1,0.7,37.5,49.6,24.7,4.4,1.7,2.9
Pend Oreille,53051 2008,200853051,2008,53051,6.2,18.2,2.7,5.6,0.0,9.9,6.0,9.3,8.6,22.9,,12.3,0.8,29.9,35.4,22.1,4.5,2.0,2.9
Pierce,53053 2008,200853053,2008,53053,8.9,22.0,4.0,7.2,0.1,10.1,6.6,11.8,12.5,22.6,0.2,14.7,0.9,35.4,46.4,20.7,6.0,3.5,3.4
San Juan,53055 2008,200853055,2008,53055,7.2,18.7,3.0,9.3,,4.7,7.7,6.2,10.4,12.9,,9.7,0.9,31.3,36.9,17.8,3.9,1.2,2.1
Skagit,53057 2008,200853057,2008,53057,8.6,19.8,3.2,9.1,0.1,7.8,7.7,9.1,13.3,20.3,0.1,12.2,0.6,33.3,45.6,20.8,4.7,2.6,3.0
Skamania,53059 2008,200853059,2008,53059,6.6,12.2,2.9,7.1,,7.2,7.2,8.2,8.8,20.4,0.0,13.7,,23.4,38.1,15.9,3.1,1.4,2.6
Snohomish,53061 2008,200853061,2008,53061,9.2,20.0,3.5,7.7,0.1,7.7,7.0,12.3,13,22.4,0.3,12.4,0.9,31.0,41.2,20.9,4.6,3.1,3.3
Spokane,53063 2008,200853063,2008,53063,10.0,22.4,3.5,7.8,0.1,9.6,7.2,11.9,12.8,21.0,0.2,12.8,0.7,35.4,43.2,21.5,6.6,3.6,3.5
Stevens,53065 2008,200853065,2008,53065,6.8,22.4,3.4,7.0,,11.1,7.0,8.7,8.6,20.9,,12.3,0.6,27.1,34.8,22.8,4.9,1.8,3.2
Thurston,53067 2008,200853067,2008,53067,9.1,21.3,3.7,6.7,0.1,8.0,6.6,9.9,12.4,20.4,0.2,13.4,0.7,29.9,38.9,20.9,4.7,3.0,3.0
Wahkiakum,53069 2008,200853069,2008,53069,6.7,21.8,4.7,9.8,0.0,9.7,6.4,12.0,10,22.3,,15.8,,34.1,44.8,25.2,4.0,3.0,2.1
Walla Walla,53071 2008,200853071,2008,53071,11.7,22.2,4.6,8.9,,9.0,9.3,9.1,11.6,22.2,,15.7,0.5,34.7,44.4,23.2,6.3,2.7,3.3
Whatcom,53073 2008,200853073,2008,53073,9.1,18.3,4.0,9.4,0.1,7.6,7.3,9.9,13.3,20.9,0.3,12.8,1.5,35.0,45.0,23.6,5.5,3.4,2.9
Whitman,53075 2008,200853075,2008,53075,9.6,30.7,6.8,7.6,,10.2,8.1,12.0,10.2,23.1,,17.1,0.4,30.7,46.0,25.3,6.6,3.4,4.3
Yakima,53077 2008,200853077,2008,53077,9.0,22.0,3.8,7.6,0.1,9.5,7.7,11.0,12.3,26.3,0.2,15.7,0.7,38.3,46.1,24.7,5.0,2.7,3.3
State Total,.2009,200953000,2009,.,9.3,21.6,3.8,7.8,0.1,8.5,7.1,11.8,12.8,22.0,0.3,13.0,0.8,34.7,44.5,21.2,5.3,3.1,3.1
Adams,53001 2009,200953001,2009,53001,11.0,25.3,2.6,7.6,0.0,9.7,6.8,14.1,11.2,28.8,,15.3,,35.4,47.3,26.0,4.6,2.6,2.7
Asotin,53003 2009,200953003,2009,53003,11.2,25.9,4.1,7.9,,10.3,8.8,11.9,11.4,25.0,,16.9,0.5,37.8,45.7,24.0,4.8,2.5,3.3
Benton,53005 2009,200953005,2009,53005,11.7,25.2,4.8,7.4,0.1,10.6,7.9,12.1,14.2,26.5,0.1,12.9,0.6,44.6,50.1,26.0,6.4,2.7,4.0
Chelan,53007 2009,200953007,2009,53007,9.5,22.0,3.1,8.8,,7.6,7.4,9.8,15.1,20.8,,10.5,0.6,32.9,42.1,19.3,5.0,2.5,3.2
Clallam,53009 2009,200953009,2009,53009,8.0,25.9,4.1,8.1,,8.2,7.5,8.3,12.1,20.1,0.1,12.0,0.7,35.4,44.8,20.1,6.1,2.1,2.7
Clark,53011 2009,200953011,2009,53011,9.3,17.4,4.3,7.4,0.1,8.4,6.2,13.0,14.2,23.6,0.2,14.3,0.8,31.2,43.0,20.4,4.0,3.4,3.1
Columbia,53013 2009,200953013,2009,53013,9.6,22.7,4.3,6.1,,10.8,7.2,12.8,13.8,23.7,,14.3,0.0,34.1,44.4,25.9,4.0,3.9,1.8
Cowlitz,53015 2009,200953015,2009,53015,9.6,23.0,5.2,8.6,0.1,12.3,6.1,13.7,15.5,24.7,0.3,16.4,0.7,33.2,46.6,22.5,5.4,4.4,3.1
Douglas,53017 2009,200953017,2009,53017,9.2,23.9,3.3,8.6,,8.6,7.9,10.5,15.1,21.8,0.0,12.2,0.5,36.9,42.6,21.3,5.1,2.2,3.5
Ferry,53019 2009,200953019,2009,53019,6.0,17.4,2.2,5.5,0.0,10.2,6.3,7.7,8.9,19.2,,12.9,,25.2,33.4,22.3,3.4,2.2,2.0
Franklin,53021 2009,200953021,2009,53021,10.0,21.6,4.4,6.3,,9.6,6.3,12.2,11.6,29.2,,12.3,1.0,43.8,47.1,25.7,5.0,2.8,3.6
Garfield,53023 2009,200953023,2009,53023,15.7,24.7,2.6,6.6,0.0,9.7,10.8,15.5,15.5,28.3,0.0,19.0,,49.4,55.2,26.9,5.1,2.4,3.3
Grant,53025 2009,200953025,2009,53025,8.7,26.1,3.3,7.4,,10.0,6.4,10.3,11.6,26.6,0.2,13.8,0.5,35.5,45.3,21.8,3.9,2.3,2.7
Grays Harbor,53027 2009,200953027,2009,53027,7.9,21.9,4.4,8.2,,11.7,6.7,13.5,13.4,25.1,0.2,16.4,0.7,40.4,51.6,24.7,4.2,2.6,3.9
Island,53029 2009,200953029,2009,53029,7.7,23.9,3.4,8.1,,7.0,8.8,9.7,10.6,19.9,0.2,12.2,0.5,39.4,45.9,21.1,5.0,1.7,2.8
Jefferson,53031 2009,200953031,2009,53031,6.1,18.7,3.0,9.3,,6.0,7.7,8.7,10.8,16.8,,11.4,0.6,36.2,44.9,17.8,4.5,1.2,3.0
King,53033 2009,200953033,2009,53033,10.2,20.1,3.6,7.6,0.1,6.7,6.9,12.3,12.8,20.1,0.6,11.6,1.1,32.2,43.0,20.4,5.5,3.7,3.0
Kitsap,53035 2009,200953035,2009,53035,9.1,20.8,4.1,8.5,0.1,8.0,6.9,12.4,12.6,21.8,0.2,14.8,0.6,37.5,46.8,19.3,4.7,2.7,3.0
Kittitas,53037 2009,200953037,2009,53037,7.5,24.1,3.1,8.1,,6.9,7.7,7.8,8.9,19.4,,10.7,0.6,35.5,41.5,20.3,4.0,1.9,2.2
Klickitat,53039 2009,200953039,2009,53039,7.4,15.7,2.3,7.2,,7.8,7.1,7.2,9.8,21.1,,13.3,0.3,30.9,35.5,17.9,3.3,1.9,3.0
Lewis,53041 2009,200953041,2009,53041,8.5,20.8,2.9,8.4,,9.4,6.7,10.2,12.6,22.5,0.1,14.8,0.7,34.6,42.4,22.9,5.6,2.1,3.6
Lincoln,53043 2009,200953043,2009,53043,9.5,27.3,3.7,8.9,0.0,10.0,7.6,10.9,11.2,23.7,0.0,12.4,,37.4,45.2,23.8,6.7,2.3,3.7
Mason,53045 2009,200953045,2009,53045,7.0,21.3,3.3,8.2,,8.7,7.5,9.1,11.2,20.8,0.2,12.9,0.8,32.8,42.2,21.9,3.8,1.5,2.6
Okanogan,53047 2009,200953047,2009,53047,7.8,19.4,3.0,7.0,,8.8,6.3,11.0,12.5,21.9,0.2,11.7,0.5,33.7,38.6,20.6,3.2,1.9,2.7
Pacific,53049 2009,200953049,2009,53049,7.8,23.2,3.5,8.6,,11.7,7.6,9.7,11.2,25.5,,15.5,0.7,40.0,52.9,25.1,4.3,1.7,3.4
Pend Oreille,53051 2009,200953051,2009,53051,6.3,20.3,2.3,5.3,0.0,9.2,5.9,9.7,8.7,22.1,,11.5,0.9,30.3,35.2,20.6,4.3,1.8,2.1
Pierce,53053 2009,200953053,2009,53053,8.9,22.3,4.0,7.3,0.1,9.9,6.7,12.9,12.9,22.9,0.2,14.9,1.0,36.0,47.2,20.4,6.0,3.4,3.4
San Juan,53055 2009,200953055,2009,53055,7.4,18.4,2.5,9.3,0.0,3.6,8.1,6.9,10.8,12.6,,8.7,0.6,30.4,37.9,17.0,2.7,1.1,2.3
Skagit,53057 2009,200953057,2009,53057,8.8,20.2,3.2,9.3,0.1,7.6,7.7,9.6,13.7,20.6,0.1,11.7,0.6,34.0,46.0,20.3,4.3,2.6,2.8
Skamania,53059 2009,200953059,2009,53059,6.1,14.6,3.1,6.7,,6.8,5.8,9.3,9.6,20.3,,11.1,,26.9,39.4,15.9,1.9,1.5,1.5
Snohomish,53061 2009,200953061,2009,53061,9.1,20.2,3.4,7.5,0.1,7.7,7.0,13.7,13.5,22.7,0.3,12.1,0.9,31.5,42.1,20.7,4.4,3.4,3.3
Spokane,53063 2009,200953063,2009,53063,10.2,23.6,3.7,7.8,0.1,10.0,7.1,12.6,13.1,21.6,0.2,12.5,0.7,36.9,45.2,21.3,6.8,3.7,3.6
Stevens,53065 2009,200953065,2009,53065,6.8,22.9,3.7,7.3,,11.3,6.8,9.3,8.8,21.0,,12.1,0.7,28.2,36.1,22.8,4.7,2.1,2.8
Thurston,53067 2009,200953067,2009,53067,8.8,21.2,4.0,6.8,0.1,8.1,6.8,10.9,12.9,20.5,0.2,13.4,0.8,31.6,40.4,20.6,5.1,3.2,2.8
Wahkiakum,53069 2009,200953069,2009,53069,7.4,22.2,4.8,10.1,0.0,9.2,6.9,12.6,9.8,23.1,,14.9,,32.1,46.3,24.5,3.8,2.3,3.4
Walla Walla,53071 2009,200953071,2009,53071,11.7,23.7,4.9,9.3,,9.1,9.1,9.8,12.6,22.9,,14.9,0.4,36.1,45.5,23.1,6.5,2.8,3.2
Whatcom,53073 2009,200953073,2009,53073,9.3,18.7,4.2,9.7,0.1,7.7,7.4,11.5,13.9,20.7,0.2,12.7,1.5,36.5,46.4,23.4,5.4,3.5,2.9
Whitman,53075 2009,200953075,2009,53075,10.6,32.7,6.8,8.1,,10.6,8.0,13.1,10.5,23.2,,16.8,0.4,32.7,47.7,25.6,6.2,3.4,3.7
Yakima,53077 2009,200953077,2009,53077,8.9,23.7,3.7,7.3,0.0,9.2,7.3,11.6,12.9,27.3,0.1,14.4,0.7,38.0,45.9,24.3,4.9,2.9,3.3
State Total,.2010,201053000,2010,.,9.3,22.4,3.9,7.9,0.1,8.5,7.0,12.8,13.4,22.4,0.3,12.7,0.9,35.3,45.0,20.9,5.1,3.2,3.1
Adams,53001 2010,201053001,2010,53001,11.2,25.1,3.1,7.6,0.0,8.9,6.3,14.2,12.2,30.4,,14.0,,38.2,49.0,25.4,4.0,2.0,2.3
Asotin,53003 2010,201053003,2010,53003,10.0,26.4,4.7,8.5,,10.5,9.2,12.5,11.6,25.4,,17.3,0.5,37.9,48.5,24.2,5.1,2.4,3.4
Benton,53005 2010,201053005,2010,53005,11.2,26.9,5.2,7.3,0.1,10.9,7.5,12.9,13.4,27.5,0.1,12.6,0.6,45.8,50.7,25.4,6.1,2.6,3.9
Chelan,53007 2010,201053007,2010,53007,9.5,22.3,3.1,9.3,,7.6,7.1,10.1,15.8,21.0,,10.4,0.5,34.2,43.3,18.2,4.8,2.5,3.4
Clallam,53009 2010,201053009,2010,53009,7.8,26.4,4.0,8.0,,8.4,6.8,9.1,11.7,20.0,0.1,11.8,0.8,33.2,43.3,19.5,5.3,2.2,2.4
Clark,53011 2010,201053011,2010,53011,9.1,18.9,4.6,7.7,0.1,8.5,6.3,14.1,14.5,24.5,0.1,14.7,0.9,32.4,45.0,20.3,4.0,3.3,3.4
Columbia,53013 2010,201053013,2010,53013,10.5,22.8,3.9,6.9,,12.8,8.4,14.3,14.6,23.5,,15.4,,40.3,43.4,25.0,3.8,3.6,2.2
Cowlitz,53015 2010,201053015,2010,53015,9.8,23.0,4.9,8.5,0.1,11.8,6.5,14.5,16.8,24.8,0.2,16.4,0.7,34.0,47.8,22.1,5.9,4.5,2.9
Douglas,53017 2010,201053017,2010,53017,8.9,24.2,3.3,8.9,,8.9,7.8,10.9,16.1,22.4,,11.9,0.4,37.8,44.6,20.4,5.2,1.9,3.8
Ferry,53019 2010,201053019,2010,53019,5.4,17.3,3.3,6.2,0.0,9.7,5.0,7.7,9,19.8,,11.2,0.9,27.3,34.3,21.1,2.6,1.6,3.0
Franklin,53021 2010,201053021,2010,53021,9.5,23.6,5.0,5.8,,10.0,6.5,13.0,12.1,30.6,,11.7,0.9,45.9,47.9,24.5,4.5,2.7,3.3
Garfield,53023 2010,201053023,2010,53023,13.6,27.9,2.9,6.2,0.0,9.9,9.2,15.2,13.6,29.9,0.0,16.5,,45.3,52.1,26.8,6.2,,4.2
Grant,53025 2010,201053025,2010,53025,8.4,26.0,3.0,7.6,,9.4,6.5,11.0,11.9,27.4,0.2,13.4,0.5,37.6,46.3,21.9,3.7,2.2,3.2
Grays Harbor,53027 2010,201053027,2010,53027,8.3,22.0,4.6,8.2,,11.7,6.6,14.5,13.9,25.6,0.2,16.6,0.7,40.0,51.4,23.7,3.9,2.7,3.7
Island,53029 2010,201053029,2010,53029,7.5,23.8,3.2,8.3,,6.9,8.6,10.5,11.6,20.2,0.2,11.3,0.5,37.3,46.2,20.2,4.8,1.7,2.6
Jefferson,53031 2010,201053031,2010,53031,6.0,19.5,2.8,9.3,0.0,5.9,7.4,9.5,10.9,16.8,,10.8,0.6,35.4,43.7,17.3,4.0,1.1,2.8
King,53033 2010,201053033,2010,53033,10.4,21.0,3.6,7.7,0.1,6.6,6.8,13.2,13.2,20.5,0.6,11.4,1.1,32.6,43.3,20.2,5.2,3.7,3.1
Kitsap,53035 2010,201053035,2010,53035,8.8,21.8,4.2,8.5,0.1,8.3,6.9,13.4,13.4,22.1,0.2,14.1,0.6,38.5,47.6,18.5,4.7,2.7,3.0
Kittitas,53037 2010,201053037,2010,53037,7.8,24.3,3.8,8.8,,7.8,7.9,8.2,10.3,20.4,,10.6,0.5,33.3,43.4,21.4,4.2,1.8,2.7
Klickitat,53039 2010,201053039,2010,53039,7.3,18.0,2.4,6.8,,7.5,6.7,8.1,10.2,22.0,,12.9,0.4,30.0,35.4,17.9,3.6,2.2,2.5
Lewis,53041 2010,201053041,2010,53041,8.6,21.3,3.0,8.7,,9.8,6.7,11.7,13.2,22.7,0.1,14.5,0.7,35.7,43.2,22.8,5.0,2.0,3.3
Lincoln,53043 2010,201053043,2010,53043,8.7,26.7,3.4,9.1,0.0,9.7,7.1,11.3,11.1,23.7,0.0,12.5,0.6,36.8,45.7,22.7,5.2,2.6,3.2
Mason,53045 2010,201053045,2010,53045,7.3,22.1,3.4,8.5,,9.2,7.4,10.3,11.3,20.7,0.1,12.5,0.7,33.8,42.2,21.5,3.9,1.8,2.7
Okanogan,53047 2010,201053047,2010,53047,7.2,18.9,3.1,6.7,,8.8,6.4,10.2,11.8,21.8,0.2,10.3,0.4,33.6,38.1,19.8,3.3,1.7,2.3
Pacific,53049 2010,201053049,2010,53049,7.4,24.1,3.7,9.1,,11.2,7.5,10.3,12.7,26.2,,14.9,0.7,40.6,53.3,24.7,4.7,2.1,3.3
Pend Oreille,53051 2010,201053051,2010,53051,7.0,20.9,2.8,5.2,0.0,9.4,6.1,10.6,10.1,22.3,,11.3,0.6,29.1,34.4,19.8,3.8,1.8,2.2
Pierce,53053 2010,201053053,2010,53053,8.9,22.7,4.2,7.2,0.1,10.1,6.7,14.2,13.3,23.5,0.2,14.4,1.0,36.8,47.4,20.2,5.6,3.5,3.0
San Juan,53055 2010,201053055,2010,53055,7.1,18.3,2.3,10.0,0.0,4.8,7.7,6.3,10.7,12.7,,8.5,0.6,31.6,36.4,16.8,3.4,1.3,2.4
Skagit,53057 2010,201053057,2010,53057,8.4,20.9,3.3,9.2,0.1,7.3,7.9,10.2,14.4,20.9,0.1,11.4,0.6,34.5,46.2,19.7,4.1,2.4,2.7
Skamania,53059 2010,201053059,2010,53059,7.6,16.9,2.7,7.1,,6.1,6.7,10.6,10.4,21.0,,11.4,,28.5,40.1,15.6,3.0,1.8,2.2
Snohomish,53061 2010,201053061,2010,53061,9.0,20.8,3.6,7.7,0.1,7.8,6.9,14.8,13.7,22.9,0.2,11.6,0.9,32.6,42.7,20.3,4.2,3.4,3.2
Spokane,53063 2010,201053063,2010,53063,10.3,25.6,4.0,7.9,0.1,10.1,7.2,14.1,14.4,22.1,0.2,12.1,0.7,37.3,45.9,21.3,6.7,4.1,3.4
Stevens,53065 2010,201053065,2010,53065,7.1,24.8,3.8,7.3,,11.0,7.5,9.9,9.8,21.2,,11.5,0.7,30.2,38.4,23.4,4.9,2.3,2.9
Thurston,53067 2010,201053067,2010,53067,8.7,21.4,3.9,7.1,0.1,8.2,6.6,12.2,14,20.8,0.2,12.8,0.9,33.1,42.0,20.5,5.0,3.2,2.9
Wahkiakum,53069 2010,201053069,2010,53069,6.9,21.4,4.9,10.3,0.0,10.1,6.9,14.3,12.4,23.1,,14.9,,36.0,45.4,23.9,3.9,1.9,
Walla Walla,53071 2010,201053071,2010,53071,12.0,25.6,5.1,9.3,,9.5,8.9,10.9,15.3,23.5,0.1,14.9,0.5,38.3,47.4,23.0,7.3,3.0,3.5
Whatcom,53073 2010,201053073,2010,53073,9.6,19.8,4.1,9.7,0.1,7.9,7.0,12.2,15.1,20.9,0.3,12.2,1.5,37.1,47.0,22.9,4.8,3.5,3.3
Whitman,53075 2010,201053075,2010,53075,10.7,34.1,6.6,8.8,,11.7,7.8,13.7,11.2,23.8,,16.8,0.5,34.6,48.6,25.6,6.3,3.0,3.3
Yakima,53077 2010,201053077,2010,53077,8.7,24.1,4.0,7.3,0.0,8.5,7.2,12.1,13.7,27.5,0.2,13.2,0.7,38.9,47.1,24.1,4.7,2.8,3.2
State Total,.2011,201153000,2011,.,9.1,23.0,4.0,8.0,0.1,8.6,7.4,13.5,14.4,22.7,0.3,12.3,0.9,36.1,45.2,20.6,5.1,3.2,3.0
Adams,53001 2011,201153001,2011,53001,10.2,25.5,4.0,8.6,,9.7,7.4,13.3,12.8,28.8,,13.8,,37.1,47.7,26.2,4.3,1.8,1.9
Asotin,53003 2011,201153003,2011,53003,9.0,26.3,5.2,7.9,,11.0,8.6,12.3,13.7,25.7,,16.6,0.6,38.5,47.4,23.9,5.3,2.0,3.2
Benton,53005 2011,201153005,2011,53005,10.6,27.5,5.0,7.3,0.1,10.7,8.0,13.8,14.1,28.3,0.1,12.3,0.7,46.7,51.8,24.5,5.7,2.7,3.5
Chelan,53007 2011,201153007,2011,53007,9.1,23.6,3.5,9.1,,8.1,7.8,10.2,16.7,20.9,,10.1,0.7,35.4,42.6,18.2,5.4,2.3,3.4
Clallam,53009 2011,201153009,2011,53009,7.7,26.1,3.8,8.1,0.1,8.1,7.3,9.6,11.9,20.2,0.1,11.0,0.8,34.6,43.8,18.9,5.3,2.3,2.5
Clark,53011 2011,201153011,2011,53011,9.0,20.0,4.8,7.9,0.2,8.9,6.8,14.6,15.8,24.5,0.2,14.6,1.0,33.7,44.8,19.8,4.5,3.5,3.2
Columbia,53013 2011,201153013,2011,53013,8.9,24.6,5.1,6.7,,12.8,8.6,14.2,17.5,25.6,,16.2,,41.3,47.6,23.9,5.2,3.5,2.3
Cowlitz,53015 2011,201153015,2011,53015,9.4,22.0,5.0,8.4,0.1,11.7,6.8,14.8,17.2,25.4,0.2,16.4,0.6,33.5,47.4,21.1,5.8,4.3,3.2
Douglas,53017 2011,201153017,2011,53017,8.9,25.3,3.4,9.1,,8.7,8.1,11.4,16.7,22.7,,10.9,0.5,39.5,44.3,19.3,5.2,1.7,3.2
Ferry,53019 2011,201153019,2011,53019,4.8,19.0,3.1,5.6,0.0,8.9,5.1,7.3,9.5,18.1,,10.9,0.8,28.4,33.6,20.5,3.5,1.7,1.6
Franklin,53021 2011,201153021,2011,53021,9.9,25.1,4.8,5.9,,9.3,6.9,14.3,13.3,31.4,,11.0,0.7,45.9,49.7,23.5,4.8,2.6,3.4
Garfield,53023 2011,201153023,2011,53023,11.4,26.8,3.8,6.1,0.0,9.7,8.9,13.7,11,28.5,0.0,16.0,,40.3,47.7,25.1,4.6,,4.0
Grant,53025 2011,201153025,2011,53025,8.2,25.4,3.0,7.8,,9.5,7.2,11.4,13.4,27.4,0.1,12.1,0.5,38.6,46.7,21.3,4.0,2.3,3.0
Grays Harbor,53027 2011,201153027,2011,53027,7.9,21.7,4.3,8.3,,11.5,7.2,14.6,14.1,25.9,0.2,15.9,0.6,38.9,50.6,22.7,3.6,2.7,3.6
Island,53029 2011,201153029,2011,53029,7.3,23.9,3.4,8.2,0.1,6.8,8.5,11.6,12.1,20.3,0.2,11.0,0.4,37.8,46.8,20.1,4.9,1.8,2.5
Jefferson,53031 2011,201153031,2011,53031,5.7,20.1,2.8,9.0,,5.9,8.0,10.2,11.5,16.8,,10.3,0.7,34.4,42.6,16.8,4.2,1.3,3.0
King,53033 2011,201153033,2011,53033,10.4,21.7,3.8,7.8,0.1,6.8,7.3,14.1,14,20.8,0.6,11.3,1.2,33.6,44.0,20.0,5.3,3.8,2.9
Kitsap,53035 2011,201153035,2011,53035,8.4,21.5,4.4,8.4,0.1,8.6,6.9,13.8,14.1,22.1,0.2,13.3,0.6,38.7,47.1,18.0,4.5,2.6,2.8
Kittitas,53037 2011,201153037,2011,53037,7.3,22.8,3.6,8.5,,7.9,8.0,8.6,11,20.4,,10.3,0.5,31.2,41.6,20.9,3.5,2.2,2.2
Klickitat,53039 2011,201153039,2011,53039,6.8,18.5,3.2,7.3,,8.1,6.9,8.1,12.4,22.3,,12.9,0.5,31.5,37.2,17.3,2.9,2.0,2.1
Lewis,53041 2011,201153041,2011,53041,8.6,22.0,3.0,8.7,,9.7,7.1,12.8,14.6,22.8,0.1,14.6,0.7,35.0,41.5,22.2,5.1,2.0,3.2
Lincoln,53043 2011,201153043,2011,53043,8.5,28.3,3.9,8.5,,8.6,8.2,11.1,13.2,24.0,0.0,11.6,0.7,38.0,47.0,22.7,5.7,3.2,2.8
Mason,53045 2011,201153045,2011,53045,7.2,23.9,4.1,8.2,,9.5,7.5,10.9,12.2,21.5,0.1,12.4,0.8,33.4,41.8,21.3,3.9,2.0,2.4
Okanogan,53047 2011,201153047,2011,53047,6.7,19.1,3.0,7.0,,8.9,6.7,10.6,13.4,21.9,0.2,10.1,0.4,33.6,38.5,19.7,3.4,1.9,2.3
Pacific,53049 2011,201153049,2011,53049,7.9,24.7,3.6,9.2,,11.5,7.5,11.0,13.2,26.3,,14.5,0.6,42.5,51.2,23.9,4.7,1.8,3.2
Pend Oreille,53051 2011,201153051,2011,53051,5.9,22.6,2.8,6.0,,9.7,6.6,11.3,11,21.5,,10.7,0.5,30.5,36.0,20.0,3.7,1.9,2.2
Pierce,53053 2011,201153053,2011,53053,8.6,23.1,4.5,7.4,0.1,10.3,7.3,15.0,14.6,23.9,0.2,13.7,1.0,37.9,47.6,20.1,5.7,3.4,3.1
San Juan,53055 2011,201153055,2011,53055,7.4,17.4,2.6,9.7,0.0,4.2,7.8,6.9,11.6,12.2,,8.3,0.6,29.6,34.4,15.9,3.1,1.5,2.3
Skagit,53057 2011,201153057,2011,53057,8.3,21.9,3.0,9.6,0.1,7.5,8.0,11.1,14.7,21.1,0.1,11.2,0.6,34.8,46.0,19.4,3.9,2.4,2.6
Skamania,53059 2011,201153059,2011,53059,6.3,16.9,4.0,6.6,,6.8,6.3,10.2,11.3,20.0,,10.0,,26.6,41.3,15.7,2.2,1.4,2.3
Snohomish,53061 2011,201153061,2011,53061,8.8,21.7,3.8,7.9,0.1,7.9,7.5,15.7,15,22.7,0.3,11.3,1.0,33.2,43.3,19.9,4.2,3.4,3.0
Spokane,53063 2011,201153063,2011,53063,10.3,27.2,4.0,7.9,0.1,9.9,7.8,15.0,16,21.9,0.2,12.0,0.7,38.4,46.0,21.2,6.8,4.3,3.2
Stevens,53065 2011,201153065,2011,53065,6.7,25.2,4.3,7.1,,10.7,7.5,10.3,11.5,21.7,,9.8,0.6,31.1,38.2,22.6,4.2,2.7,2.9
Thurston,53067 2011,201153067,2011,53067,8.9,21.9,3.9,7.3,0.1,8.3,7.0,13.3,14.5,21.2,0.2,12.8,0.8,32.8,41.0,20.3,5.1,3.4,2.8
Wahkiakum,53069 2011,201153069,2011,53069,5.7,22.3,5.3,10.2,0.0,9.5,6.7,14.4,15,21.8,0.0,14.8,,33.6,45.0,23.9,4.2,1.5,1.5
Walla Walla,53071 2011,201153071,2011,53071,11.4,27.1,5.1,9.6,,9.2,8.9,11.7,16.1,23.6,0.1,14.5,0.5,40.5,47.7,23.8,7.5,2.9,3.7
Whatcom,53073 2011,201153073,2011,53073,9.4,21.2,4.1,9.7,0.1,7.7,7.7,12.4,15.7,21.7,0.3,12.1,1.4,38.1,46.7,22.3,5.4,3.6,3.2
Whitman,53075 2011,201153075,2011,53075,9.9,34.3,5.5,8.3,,10.9,8.2,12.9,11.2,23.3,,15.1,0.3,35.6,47.8,24.6,6.6,2.9,4.1
Yakima,53077 2011,201153077,2011,53077,8.9,24.4,4.4,7.6,0.1,9.2,7.8,13.0,14.9,27.5,0.2,13.3,0.8,40.8,49.3,24.0,5.1,2.9,3.3
State Total,.2012,201253000,2012,.,9.1,23.7,4.0,8.0,0.1,8.4,7.3,14.1,14.5,22.6,0.3,12.2,0.9,35.9,45.0,20.4,4.9,3.2,2.9
Adams,53001 2012,201253001,2012,53001,9.9,26.1,3.6,7.8,,8.9,6.0,15.3,13.6,28.5,,13.1,,36.5,48.6,26.1,4.5,1.8,2.6
Asotin,53003 2012,201253003,2012,53003,8.7,29.0,5.2,8.1,,10.9,8.2,13.1,13.2,26.1,,15.7,0.8,37.6,47.6,22.7,5.1,2.3,2.9
Benton,53005 2012,201253005,2012,53005,10.5,28.2,5.4,7.9,0.1,10.5,8.0,15.4,14.6,28.3,0.1,12.2,0.6,47.3,52.1,23.6,5.5,2.7,3.5
Chelan,53007 2012,201253007,2012,53007,9.7,24.7,3.6,9.4,,7.5,7.9,11.8,17,21.1,,9.4,0.8,36.2,44.2,18.6,5.6,2.5,3.7
Clallam,53009 2012,201253009,2012,53009,7.9,26.8,3.6,8.3,0.1,7.4,6.9,10.2,12,20.0,0.1,11.2,0.8,34.8,42.9,19.0,5.0,2.3,2.4
Clark,53011 2012,201253011,2012,53011,9.0,20.9,5.2,7.7,0.2,8.7,6.8,15.2,16.3,24.5,0.2,13.8,1.1,35.2,45.1,19.9,5.2,3.5,3.1
Columbia,53013 2012,201253013,2012,53013,8.7,26.6,4.5,8.0,,13.1,8.1,15.1,15.8,25.5,0.0,14.8,,41.2,48.4,23.8,4.4,3.4,2.4
Cowlitz,53015 2012,201253015,2012,53015,9.5,23.0,5.2,8.9,0.1,10.9,6.3,16.0,17.4,25.6,0.2,16.8,0.9,33.2,46.0,21.2,5.2,4.4,3.1
Douglas,53017 2012,201253017,2012,53017,9.3,27.2,3.7,9.3,,8.4,8.9,12.9,17.5,22.8,,10.2,0.7,40.1,46.3,19.3,6.0,2.1,4.0
Ferry,53019 2012,201253019,2012,53019,4.3,20.7,3.9,6.7,0.0,9.7,4.8,8.7,8.8,19.2,,10.2,,28.5,35.4,23.0,2.2,1.8,2.3
Franklin,53021 2012,201253021,2012,53021,9.7,26.6,4.3,6.4,,8.9,7.2,15.7,13.7,30.8,,10.6,0.7,47.3,50.5,23.1,5.2,2.6,3.4
Garfield,53023 2012,201253023,2012,53023,9.4,27.0,3.7,5.0,0.0,9.8,9.8,10.8,11.6,25.2,0.0,16.4,,39.7,46.6,22.9,5.2,,
Grant,53025 2012,201253025,2012,53025,8.3,25.6,3.0,7.8,,9.1,6.7,12.5,13.3,27.5,0.1,11.5,0.5,40.0,47.3,20.8,3.8,2.3,2.9
Grays Harbor,53027 2012,201253027,2012,53027,7.7,22.5,4.5,8.8,0.1,10.8,7.1,15.1,13.4,26.0,0.2,15.8,0.7,38.2,48.9,22.7,2.9,2.8,3.5
Island,53029 2012,201253029,2012,53029,6.9,23.7,3.1,8.5,,6.9,8.4,12.1,11.8,20.5,0.1,11.0,0.5,36.5,45.5,19.5,4.2,1.7,2.5
Jefferson,53031 2012,201253031,2012,53031,5.5,21.3,3.3,8.9,,6.2,7.7,10.6,12.3,16.9,,10.3,0.8,33.1,41.8,16.3,3.4,1.5,2.7
King,53033 2012,201253033,2012,53033,10.4,22.3,3.7,7.9,0.1,6.6,7.2,14.6,14.2,20.6,0.6,11.3,1.2,33.6,44.0,19.7,5.1,3.8,3.0
Kitsap,53035 2012,201253035,2012,53035,8.1,21.6,4.5,8.3,0.1,8.7,7.3,14.3,14.1,22.1,0.2,13.3,0.7,37.4,46.0,18.0,4.3,2.6,2.7
Kittitas,53037 2012,201253037,2012,53037,7.9,24.7,3.4,8.7,,7.4,7.5,9.2,11.7,21.1,,9.9,0.4,31.8,41.5,20.4,3.4,2.3,2.4
Klickitat,53039 2012,201253039,2012,53039,6.9,18.9,3.1,7.8,,7.8,7.5,8.3,12.1,21.8,,13.0,0.5,30.7,37.6,17.2,3.1,2.3,2.3
Lewis,53041 2012,201253041,2012,53041,8.3,24.0,3.4,8.3,,9.7,6.8,13.8,15,23.4,,14.2,0.8,35.0,42.4,22.1,4.8,2.0,3.0
Lincoln,53043 2012,201253043,2012,53043,7.4,29.0,3.6,8.0,0.0,8.8,7.3,10.8,12.7,23.8,,10.1,0.6,36.9,47.2,21.3,6.1,2.9,2.4
Mason,53045 2012,201253045,2012,53045,7.0,25.0,3.6,8.1,,9.2,7.4,11.3,12.5,22.4,,12.3,0.8,33.7,42.5,21.3,3.6,1.9,2.5
Okanogan,53047 2012,201253047,2012,53047,6.2,19.5,3.4,7.2,,8.5,6.7,11.3,13.4,21.1,0.2,9.3,0.5,34.0,40.0,19.3,3.4,1.8,2.5
Pacific,53049 2012,201253049,2012,53049,7.8,25.0,3.9,9.8,,10.7,6.8,10.8,13.2,25.7,,14.0,0.7,42.2,50.5,23.5,3.9,1.6,3.0
Pend Oreille,53051 2012,201253051,2012,53051,5.9,23.6,2.9,6.3,,9.5,6.2,11.1,11,21.3,,10.0,0.7,31.4,36.7,19.8,3.9,2.4,2.5
Pierce,53053 2012,201253053,2012,53053,8.4,23.7,4.4,7.4,0.1,10.0,7.2,15.6,14.4,23.7,0.2,13.7,1.0,37.5,47.2,20.0,5.4,3.4,2.8
San Juan,53055 2012,201253055,2012,53055,7.8,18.6,2.4,9.5,,3.6,7.3,7.6,11.3,12.3,,8.7,0.5,29.7,33.7,16.7,2.5,1.6,2.4
Skagit,53057 2012,201253057,2012,53057,8.3,24.2,3.3,9.5,0.1,7.6,8.1,12.2,14.6,21.2,0.1,11.4,0.7,34.8,45.5,19.6,3.6,2.4,2.7
Skamania,53059 2012,201253059,2012,53059,7.1,18.8,3.8,7.6,,7.4,5.7,10.5,14.9,19.9,,11.3,0.8,29.6,43.8,16.9,2.9,1.8,2.9
Snohomish,53061 2012,201253061,2012,53061,8.9,22.2,3.7,7.9,0.1,7.7,7.4,16.0,15.1,22.5,0.3,11.2,1.0,32.9,42.6,19.7,3.9,3.3,3.1
Spokane,53063 2012,201253063,2012,53063,10.2,27.3,4.2,8.0,0.1,9.8,7.8,15.0,16.1,21.5,0.3,11.4,0.8,38.2,46.0,20.9,6.6,4.4,3.0
Stevens,53065 2012,201253065,2012,53065,6.9,26.5,4.2,7.4,,10.3,7.2,10.9,11.4,22.0,,9.3,0.7,31.2,39.6,22.3,4.3,2.8,2.7
Thurston,53067 2012,201253067,2012,53067,8.6,22.6,4.1,7.1,0.1,8.0,7.0,13.9,14.8,21.2,0.2,12.6,0.8,32.4,41.2,20.0,5.3,3.2,2.9
Wahkiakum,53069 2012,201253069,2012,53069,5.8,23.0,5.0,9.4,0.0,8.5,6.6,14.9,14.4,22.8,0.0,14.8,,35.2,45.3,22.7,4.0,1.4,3.0
Walla Walla,53071 2012,201253071,2012,53071,11.3,27.5,5.0,9.7,,9.2,8.9,13.1,14.7,23.5,0.2,14.4,0.5,38.0,46.0,24.0,6.9,2.7,3.0
Whatcom,53073 2012,201253073,2012,53073,9.3,22.6,4.1,9.6,0.1,7.8,7.4,12.7,16.4,22.3,0.3,12.2,1.5,34.9,44.2,21.2,4.9,3.6,2.8
Whitman,53075 2012,201253075,2012,53075,9.7,34.7,5.7,8.3,,11.3,6.9,13.1,11.6,24.0,,15.6,0.4,34.1,45.2,24.1,6.6,2.9,3.6
Yakima,53077 2012,201253077,2012,53077,9.2,25.2,4.2,6.8,0.1,9.1,7.3,14.1,15.3,27.6,0.1,13.2,0.8,39.9,49.2,23.8,4.8,3.2,3.1
State Total,.2013,201353000,2013,.,8.8,24.0,4.2,8.1,0.1,8.4,7.3,14.5,14.7,22.4,0.3,11.8,0.9,35.6,44.8,19.9,4.6,3.1,3.0
Adams,53001 2013,201353001,2013,53001,8.9,25.5,3.9,7.0,,7.0,6.1,14.8,12.7,27.0,,11.1,,36.8,47.0,24.6,3.5,1.7,2.1
Asotin,53003 2013,201353003,2013,53003,7.7,29.0,5.3,7.8,,11.3,8.2,13.3,14.1,25.6,,14.6,0.6,38.1,47.1,22.8,4.8,2.6,3.1
Benton,53005 2013,201353005,2013,53005,10.3,28.8,5.5,7.9,0.1,10.5,8.1,17.1,15.9,27.5,0.1,12.0,0.6,48.3,52.5,22.7,5.2,2.5,3.6
Chelan,53007 2013,201353007,2013,53007,10.1,24.6,3.9,9.7,0.1,8.4,8.1,13.4,17.5,21.4,,9.6,0.7,36.0,46.5,19.0,5.1,2.9,3.3
Clallam,53009 2013,201353009,2013,53009,7.9,27.7,4.2,9.1,0.1,8.0,7.0,11.0,13,20.3,0.1,11.5,0.8,36.0,44.5,18.9,5.0,2.0,2.9
Clark,53011 2013,201353011,2013,53011,9.1,21.6,5.5,7.9,0.2,8.7,6.3,15.6,16.7,24.1,0.2,13.1,1.1,35.0,44.9,19.8,5.0,3.6,2.9
Columbia,53013 2013,201353013,2013,53013,9.4,26.3,5.5,7.8,,12.2,7.4,18.8,14.8,26.3,0.0,13.9,,38.5,48.0,24.4,3.5,4.2,2.6
Cowlitz,53015 2013,201353015,2013,53015,9.5,23.2,5.4,8.7,0.1,11.2,6.5,15.8,17.5,25.4,0.2,16.3,0.9,33.8,45.6,20.7,4.9,4.4,3.0
Douglas,53017 2013,201353017,2013,53017,8.7,27.2,4.0,10.1,,8.9,8.5,14.5,17.5,23.6,,10.5,0.6,40.4,48.8,19.5,5.6,2.1,3.2
Ferry,53019 2013,201353019,2013,53019,4.3,21.3,4.5,6.4,,9.5,5.0,8.6,9.4,18.9,,9.1,,27.9,34.9,20.8,2.7,2.1,2.6
Franklin,53021 2013,201353021,2013,53021,9.8,28.5,4.9,6.7,,9.6,7.1,17.5,14.1,30.4,,10.2,0.8,47.5,51.3,22.6,4.7,2.3,3.8
Garfield,53023 2013,201353023,2013,53023,6.5,25.0,4.3,6.1,,8.3,7.2,8.5,11.6,22.4,,14.6,,35.3,44.4,21.4,3.7,2.2,
Grant,53025 2013,201353025,2013,53025,8.4,25.9,3.6,8.3,,10.1,6.8,14.4,14.3,27.7,0.1,11.8,0.5,41.3,49.7,20.8,3.7,2.5,2.7
Grays Harbor,53027 2013,201353027,2013,53027,7.1,22.2,4.5,8.5,0.1,10.2,6.7,14.8,12.1,25.5,0.2,15.0,0.7,36.7,47.0,21.4,2.3,2.8,3.5
Island,53029 2013,201353029,2013,53029,6.6,23.3,3.3,8.7,0.1,6.2,8.2,12.0,12.3,20.6,0.1,10.0,0.5,34.8,44.7,18.6,3.6,1.5,2.2
Jefferson,53031 2013,201353031,2013,53031,5.5,22.8,3.6,8.6,,6.1,7.9,10.8,12.4,16.7,,10.3,0.8,31.9,39.8,16.1,3.3,1.5,2.5
King,53033 2013,201353033,2013,53033,10.2,22.5,3.7,8.1,0.1,6.6,7.4,14.9,14.4,20.5,0.6,10.9,1.1,33.2,43.6,19.2,4.8,3.8,2.9
Kitsap,53035 2013,201353035,2013,53035,7.9,21.8,4.6,8.1,0.1,8.8,7.3,14.3,14.2,22.0,0.2,13.0,0.8,37.2,45.6,17.7,4.2,2.3,3.0
Kittitas,53037 2013,201353037,2013,53037,7.8,24.9,3.4,8.6,,7.2,7.8,9.8,11.8,20.8,,9.8,0.5,29.8,40.4,19.2,3.2,2.3,2.4
Klickitat,53039 2013,201353039,2013,53039,6.6,19.9,2.9,7.7,,8.3,7.0,9.2,12.8,21.5,,12.3,0.6,31.9,37.4,17.7,2.8,2.3,2.3
Lewis,53041 2013,201353041,2013,53041,7.9,24.2,3.9,8.1,,10.0,7.0,14.3,14.5,23.5,,13.9,0.7,36.2,43.4,22.0,4.2,2.1,3.2
Lincoln,53043 2013,201353043,2013,53043,6.6,28.7,3.4,7.9,,7.9,7.2,10.7,12.5,22.9,,9.0,0.6,36.1,44.8,20.6,5.4,2.5,2.9
Mason,53045 2013,201353045,2013,53045,7.3,24.8,3.8,8.2,,9.1,7.0,11.3,12.4,22.3,0.1,12.3,0.8,33.1,42.0,20.7,3.4,1.5,2.7
Okanogan,53047 2013,201353047,2013,53047,5.8,19.5,3.2,7.4,,9.3,6.8,12.3,14.8,21.3,,9.0,0.6,35.9,41.6,18.3,3.0,1.8,2.5
Pacific,53049 2013,201353049,2013,53049,7.2,24.8,3.7,9.1,,10.7,6.8,10.4,13.5,25.8,,13.1,0.6,41.7,50.0,22.0,3.2,1.8,2.5
Pend Oreille,53051 2013,201353051,2013,53051,5.5,23.5,2.6,5.7,,10.0,5.9,10.5,11.5,21.0,,9.2,0.6,31.3,36.3,17.9,3.6,2.3,2.2
Pierce,53053 2013,201353053,2013,53053,8.3,24.1,4.5,7.5,0.1,9.6,7.2,16.3,14.4,23.4,0.2,13.4,1.0,37.0,46.6,20.1,5.1,3.3,2.9
San Juan,53055 2013,201353055,2013,53055,7.5,19.2,2.4,9.2,,4.1,6.9,6.9,10.7,11.7,,8.5,0.3,26.8,32.0,15.6,2.4,1.4,2.4
Skagit,53057 2013,201353057,2013,53057,7.8,23.9,3.3,9.5,0.1,7.6,7.7,12.4,15.1,21.1,0.1,11.0,0.7,34.3,45.0,19.2,3.5,2.2,2.7
Skamania,53059 2013,201353059,2013,53059,6.5,20.6,4.3,7.9,,7.3,4.7,11.0,16.2,19.8,,10.4,1.0,28.6,44.6,17.6,3.3,1.4,2.6
Snohomish,53061 2013,201353061,2013,53061,8.7,22.5,4.2,8.3,0.1,7.9,7.2,16.5,15.6,22.1,0.2,11.1,1.0,33.0,42.4,19.4,3.8,3.3,3.2
Spokane,53063 2013,201353063,2013,53063,9.8,27.2,4.3,8.3,0.1,9.7,7.7,14.8,15.9,21.3,0.3,11.0,0.7,37.3,45.7,20.3,6.3,4.3,2.9
Stevens,53065 2013,201353065,2013,53065,6.8,27.5,4.1,7.1,,10.2,6.9,11.0,11.7,21.6,,9.0,0.5,28.9,37.5,20.8,4.0,2.5,2.7
Thurston,53067 2013,201353067,2013,53067,8.7,23.4,4.3,7.5,0.2,8.0,7.1,14.8,15,21.1,0.2,12.3,0.8,32.4,41.9,19.5,4.5,3.2,2.9
Wahkiakum,53069 2013,201353069,2013,53069,5.4,21.9,4.3,8.3,0.0,8.9,6.6,14.5,13.2,23.0,0.0,14.0,,33.0,45.1,20.5,4.0,1.2,3.1
Walla Walla,53071 2013,201353071,2013,53071,11.1,27.5,5.4,9.2,,9.7,8.6,14.2,15.7,23.2,0.2,13.7,0.6,38.9,45.7,23.8,6.3,2.7,3.3
Whatcom,53073 2013,201353073,2013,53073,8.8,23.0,4.0,9.0,0.2,7.5,7.2,12.4,15.7,22.1,0.3,11.7,1.4,33.9,43.0,20.0,4.8,3.5,2.7
Whitman,53075 2013,201353075,2013,53075,9.4,33.0,5.4,8.7,,10.2,7.1,13.1,11.4,23.7,,14.2,0.4,33.0,45.7,22.1,6.0,2.7,3.2
Yakima,53077 2013,201353077,2013,53077,8.8,24.8,4.9,6.8,0.1,9.3,7.1,14.8,16.5,27.7,0.1,12.7,0.8,41.3,50.1,23.1,4.3,3.1,3.1
State Total,.2014,201453000,2014,.,8.6,24.1,4.3,8.2,0.1,8.3,7.2,15.0,15.2,22.3,0.3,11.5,0.9,35.0,44.2,19.7,4.6,3.1,3.0
Adams,53001 2014,201453001,2014,53001,8.1,24.7,3.7,7.4,,7.9,5.6,15.7,13.1,28.1,,10.8,,37.1,47.7,23.8,3.2,1.7,2.5
Asotin,53003 2014,201453003,2014,53003,7.0,29.4,5.8,7.7,,11.3,7.7,13.1,14.8,25.5,,14.9,0.7,36.7,47.8,23.3,4.0,2.8,2.6
Benton,53005 2014,201453005,2014,53005,10.0,29.1,6.1,8.0,0.2,10.7,8.1,18.2,16.1,26.6,0.1,11.1,0.7,48.2,52.0,21.9,5.4,2.8,3.4
Chelan,53007 2014,201453007,2014,53007,10.0,24.4,3.8,9.3,,8.4,8.3,14.9,17.7,21.5,,9.9,0.7,34.8,46.0,18.5,5.0,2.6,3.3
Clallam,53009 2014,201453009,2014,53009,7.7,28.0,5.0,9.2,0.1,8.6,7.1,12.2,15.1,20.7,0.1,11.8,0.8,37.4,47.2,19.1,5.7,1.9,3.2
Clark,53011 2014,201453011,2014,53011,9.2,21.8,5.3,7.9,0.2,8.6,6.3,15.3,17.6,23.7,0.2,12.9,1.2,31.9,43.2,19.5,4.8,3.7,3.0
Columbia,53013 2014,201453013,2014,53013,9.6,23.7,4.7,8.0,,9.9,6.4,19.1,14.2,25.7,0.0,12.3,,40.3,46.4,23.2,4.3,4.3,2.3
Cowlitz,53015 2014,201453015,2014,53015,9.1,23.5,5.3,8.7,0.2,10.8,6.4,16.4,18.6,25.2,0.2,16.0,0.9,32.0,44.9,20.5,5.9,4.4,3.3
Douglas,53017 2014,201453017,2014,53017,9.1,25.5,3.9,10.0,,9.2,9.0,15.9,17.2,23.6,,10.6,0.7,38.9,48.9,20.2,5.0,2.1,2.9
Ferry,53019 2014,201453019,2014,53019,4.3,22.8,3.9,6.6,0.0,8.8,5.3,9.0,10.1,18.7,,10.2,,26.5,34.6,20.0,3.8,1.6,2.9
Franklin,53021 2014,201453021,2014,53021,9.4,29.0,4.9,6.6,,9.6,6.8,17.9,14.5,29.2,,10.0,0.7,47.6,50.9,22.6,4.9,2.2,3.7
Garfield,53023 2014,201453023,2014,53023,7.6,27.9,2.9,4.0,,6.8,9.0,9.9,10.1,23.1,,12.6,,25.8,33.9,19.3,3.2,2.0,2.9
Grant,53025 2014,201453025,2014,53025,8.6,26.4,3.3,8.1,,10.6,6.8,16.3,14.7,28.3,0.1,12.1,0.5,39.7,50.5,20.9,3.4,2.5,2.6
Grays Harbor,53027 2014,201453027,2014,53027,7.0,22.4,4.7,8.9,0.1,10.1,6.5,15.1,13.1,25.1,0.1,14.5,0.7,36.6,47.3,20.3,2.2,2.4,3.4
Island,53029 2014,201453029,2014,53029,6.6,23.5,3.6,8.3,0.2,6.6,7.9,12.2,13.1,20.5,0.1,9.6,0.5,34.1,43.6,18.3,3.6,1.4,2.7
Jefferson,53031 2014,201453031,2014,53031,5.1,23.8,3.4,8.1,,6.4,7.7,11.0,13.6,16.4,,9.6,0.7,31.5,39.5,16.0,3.5,1.4,2.5
King,53033 2014,201453033,2014,53033,9.8,22.6,3.9,8.1,0.1,6.5,7.3,15.4,14.6,20.3,0.6,10.6,1.1,32.6,42.5,19.0,4.8,3.6,3.0
Kitsap,53035 2014,201453035,2014,53035,7.5,21.7,4.8,8.2,0.1,8.5,7.3,14.1,15,21.8,0.2,12.0,0.8,36.4,44.6,17.5,4.4,2.3,3.0
Kittitas,53037 2014,201453037,2014,53037,7.7,25.0,3.3,9.4,,7.6,7.0,10.5,13.5,20.7,,9.3,0.5,29.7,40.2,19.1,3.6,2.6,2.5
Klickitat,53039 2014,201453039,2014,53039,6.5,20.0,2.9,8.0,,8.2,7.0,9.8,13.1,21.0,,12.2,0.6,29.9,36.3,17.6,2.7,2.0,2.2
Lewis,53041 2014,201453041,2014,53041,8.4,23.2,3.7,8.4,,9.8,6.7,14.9,15.6,23.7,,13.7,0.8,35.0,43.5,21.1,3.9,2.2,3.5
Lincoln,53043 2014,201453043,2014,53043,6.3,26.9,3.1,6.9,,7.1,7.2,11.2,13.4,22.7,,8.1,0.7,33.1,43.3,19.7,5.1,2.4,2.7
Mason,53045 2014,201453045,2014,53045,7.6,25.9,4.0,8.1,0.1,9.1,6.8,11.7,14.1,22.6,0.1,11.5,0.9,34.4,43.6,20.7,3.4,1.8,2.8
Okanogan,53047 2014,201453047,2014,53047,5.8,20.1,3.1,7.4,,9.1,7.0,13.2,13.9,21.7,,9.5,0.6,33.9,40.8,18.6,3.1,1.8,2.8
Pacific,53049 2014,201453049,2014,53049,6.7,24.3,3.3,9.0,,9.8,6.7,11.0,12.8,26.5,0.2,12.5,0.7,39.3,47.8,21.8,2.9,1.9,2.5
Pend Oreille,53051 2014,201453051,2014,53051,5.3,23.7,2.8,6.0,,9.2,5.8,10.5,11.3,21.1,,9.2,0.7,28.8,35.9,18.0,3.4,2.1,2.3
Pierce,53053 2014,201453053,2014,53053,8.1,24.5,4.7,7.7,0.2,9.3,7.2,17.0,15.2,23.2,0.2,12.7,1.0,37.4,46.0,20.0,5.3,3.2,3.1
San Juan,53055 2014,201453055,2014,53055,7.0,19.4,2.4,8.4,,3.3,7.3,7.0,10.1,11.3,,7.7,0.3,25.9,30.6,14.9,2.7,1.2,2.5
Skagit,53057 2014,201453057,2014,53057,7.4,23.9,3.2,9.2,0.1,7.4,7.5,12.6,15.2,21.2,0.1,10.4,0.7,32.9,43.9,19.3,3.5,2.2,2.8
Skamania,53059 2014,201453059,2014,53059,6.6,20.1,3.8,7.4,,9.0,5.6,11.3,14.8,19.3,,11.2,1.2,26.8,42.2,16.9,2.9,1.4,2.9
Snohomish,53061 2014,201453061,2014,53061,8.5,22.4,4.3,8.4,0.1,7.6,7.1,17.1,15.8,22.2,0.2,11.1,1.0,32.4,42.3,19.2,3.7,3.2,3.3
Spokane,53063 2014,201453063,2014,53063,9.2,26.7,4.6,8.4,0.2,9.2,7.5,14.9,16.2,21.3,0.3,10.5,0.7,35.7,44.8,19.8,6.0,4.3,3.1
Stevens,53065 2014,201453065,2014,53065,6.8,26.7,4.3,6.9,,10.3,6.7,11.1,11.9,20.9,,8.7,0.5,28.9,38.1,19.9,4.4,2.5,3.0
Thurston,53067 2014,201453067,2014,53067,9.1,23.7,4.1,7.4,0.2,7.8,6.6,15.2,15.6,21.0,0.2,11.9,0.7,31.5,40.5,18.8,4.4,3.1,2.8
Wahkiakum,53069 2014,201453069,2014,53069,5.0,22.5,3.9,8.4,,10.5,6.5,15.3,15.1,22.8,0.0,15.0,,34.3,42.6,20.6,3.8,1.4,3.4
Walla Walla,53071 2014,201453071,2014,53071,11.0,26.5,4.7,9.8,,9.1,8.4,15.5,16.7,23.1,0.2,13.6,0.6,38.7,45.5,23.2,6.4,2.9,3.3
Whatcom,53073 2014,201453073,2014,53073,8.2,22.3,4.4,9.0,0.2,7.7,6.8,12.8,16.2,21.4,0.3,11.3,1.6,34.5,42.7,19.9,5.1,3.5,2.9
Whitman,53075 2014,201453075,2014,53075,9.1,32.3,5.6,8.2,,9.4,7.2,13.9,12.2,23.7,,12.7,0.4,31.0,43.8,21.7,5.4,3.0,3.1
Yakima,53077 2014,201453077,2014,53077,8.4,25.5,4.7,7.2,0.1,9.2,7.0,15.2,17,27.7,0.1,12.6,0.7,40.3,49.3,22.3,4.7,3.2,2.9
State Total,.2015,201553000,2015,.,8.6,24.6,4.5,8.2,0.1,8.6,7.2,16.3,16.1,22.2,0.2,11.2,1.0,34.8,44.3,19.6,4.8,3.0,3.0
Adams,53001 2015,201553001,2015,53001,8.5,26.7,4.5,7.4,,8.6,6.4,18.1,11.9,29.4,,10.8,,35.1,46.1,24.0,3.4,2.0,3.2
Asotin,53003 2015,201553003,2015,53003,7.3,30.2,6.1,8.9,,11.4,7.7,15.0,16.5,25.4,,14.7,0.8,36.7,47.6,22.5,4.6,2.7,2.6
Benton,53005 2015,201553005,2015,53005,10.0,29.3,6.1,8.0,0.2,10.8,8.1,20.3,16.4,26.2,0.1,11.0,0.7,46.9,51.9,21.5,5.3,2.6,3.5
Chelan,53007 2015,201553007,2015,53007,9.8,23.7,3.7,9.4,0.1,8.8,7.9,16.1,18.1,21.5,,9.9,0.7,34.0,46.5,18.5,5.2,2.3,3.2
Clallam,53009 2015,201553009,2015,53009,7.7,27.9,5.3,8.7,0.1,9.2,7.2,14.6,16.2,20.5,0.1,12.1,1.0,35.3,46.9,18.9,5.2,1.9,3.3
Clark,53011 2015,201553011,2015,53011,9.3,22.3,5.5,8.2,0.2,9.0,6.3,16.6,18.2,23.5,0.2,12.7,1.2,31.7,42.8,19.5,5.0,3.6,2.8
Columbia,53013 2015,201553013,2015,53013,8.4,23.4,4.8,8.6,,11.2,5.7,19.2,14.1,26.3,,12.1,,38.3,45.4,21.0,3.6,4.4,2.1
Cowlitz,53015 2015,201553015,2015,53015,9.2,24.1,5.6,8.6,0.2,11.4,6.5,17.9,19,24.5,0.2,14.8,1.1,30.4,44.3,20.0,5.6,4.5,2.9
Douglas,53017 2015,201553017,2015,53017,9.1,25.2,4.2,9.7,,9.7,8.6,17.6,17.8,23.8,,10.9,0.9,39.1,49.8,19.6,5.1,2.2,2.9
Ferry,53019 2015,201553019,2015,53019,4.2,24.9,3.1,6.3,0.0,9.2,5.1,10.2,10.2,18.6,,10.3,0.9,25.3,31.4,20.3,2.8,1.4,2.5
Franklin,53021 2015,201553021,2015,53021,9.4,30.0,5.3,6.6,,10.1,6.7,19.8,14.9,29.1,0.2,10.2,0.6,46.6,50.0,22.0,5.1,2.3,3.7
Garfield,53023 2015,201553023,2015,53023,9.3,29.4,4.2,7.9,,8.2,7.9,11.9,11,20.6,,14.5,,26.4,39.0,20.5,3.8,2.8,3.1
Grant,53025 2015,201553025,2015,53025,8.9,26.2,3.6,7.8,,10.4,6.4,17.1,14.9,28.0,0.1,11.6,0.6,37.2,49.6,20.5,3.2,2.2,2.6
Grays Harbor,53027 2015,201553027,2015,53027,6.7,24.8,4.4,8.6,0.1,10.7,6.5,16.8,13.6,25.0,0.1,13.9,0.9,35.4,46.8,19.9,2.2,2.4,3.0
Island,53029 2015,201553029,2015,53029,6.6,24.2,3.8,8.4,0.2,6.5,7.6,13.5,13.1,20.2,0.1,9.7,0.6,33.4,41.3,17.9,3.2,1.4,2.4
Jefferson,53031 2015,201553031,2015,53031,5.2,23.9,3.7,7.7,,6.3,7.9,11.5,14,16.5,,8.9,0.9,29.0,38.8,16.2,3.6,1.4,2.8
King,53033 2015,201553033,2015,53033,9.8,23.0,4.2,8.3,0.2,6.7,7.3,16.7,15.7,20.2,0.5,10.4,1.2,32.7,42.5,19.2,5.3,3.5,3.1
Kitsap,53035 2015,201553035,2015,53035,7.4,22.8,5.1,8.2,0.2,8.8,7.6,15.1,16.5,21.4,0.2,11.5,0.8,36.2,44.6,17.6,4.7,2.4,2.8
Kittitas,53037 2015,201553037,2015,53037,7.9,24.7,3.4,8.9,,7.9,6.9,12.4,13.4,20.5,,9.3,0.6,28.2,40.8,19.3,3.8,2.3,2.4
Klickitat,53039 2015,201553039,2015,53039,6.5,20.2,3.3,8.0,,8.5,6.9,10.3,12.7,20.7,,11.7,0.6,26.9,36.3,17.0,2.9,2.0,2.2
Lewis,53041 2015,201553041,2015,53041,8.5,22.6,3.8,7.8,,10.0,6.2,16.5,15.8,23.4,0.1,13.1,0.9,34.5,43.7,20.4,3.8,2.1,3.1
Lincoln,53043 2015,201553043,2015,53043,6.9,28.2,4.1,6.9,,8.4,6.7,11.7,14.2,22.6,,7.8,0.7,31.7,43.5,18.6,5.3,2.1,2.7
Mason,53045 2015,201553045,2015,53045,8.0,27.3,4.1,7.9,0.1,10.3,7.1,13.5,15.6,22.5,0.1,10.6,1.1,35.7,44.3,20.5,3.8,2.1,2.7
Okanogan,53047 2015,201553047,2015,53047,5.8,20.3,3.6,7.5,,9.8,6.6,14.2,14.8,21.4,,9.2,0.8,32.2,41.9,18.4,3.4,1.8,2.8
Pacific,53049 2015,201553049,2015,53049,5.8,23.8,3.4,9.5,,10.0,6.5,13.2,13.2,26.6,0.2,11.8,0.7,36.8,46.7,21.4,2.4,2.1,2.7
Pend Oreille,53051 2015,201553051,2015,53051,5.8,23.6,3.3,6.0,,10.5,5.9,11.9,11.8,21.2,,9.2,0.7,29.8,37.0,17.9,3.1,2.0,2.7
Pierce,53053 2015,201553053,2015,53053,8.2,25.3,4.9,7.7,0.2,9.6,7.2,18.1,16.3,23.0,0.2,12.5,1.1,37.7,46.6,20.4,5.5,3.1,3.0
San Juan,53055 2015,201553055,2015,53055,6.6,19.6,2.4,8.3,,3.2,7.3,7.5,10.8,11.3,,7.7,0.6,25.1,28.9,14.7,2.7,1.1,2.4
Skagit,53057 2015,201553057,2015,53057,7.2,24.8,3.4,9.5,0.1,7.9,7.5,13.9,15.1,20.9,0.1,10.6,0.7,32.3,44.0,19.4,3.7,2.0,2.8
Skamania,53059 2015,201553059,2015,53059,6.2,20.7,4.1,7.3,,7.5,4.4,12.5,14.5,18.0,,9.5,1.2,24.3,41.7,17.9,3.0,1.9,2.6
Snohomish,53061 2015,201553061,2015,53061,8.6,22.7,4.2,8.3,0.1,7.9,7.1,18.4,17,22.2,0.2,10.8,1.1,32.8,42.0,18.9,4.0,3.4,3.1
Spokane,53063 2015,201553063,2015,53063,9.3,26.8,4.9,8.3,0.2,9.5,7.4,16.1,17.7,21.1,0.3,10.4,0.7,35.6,45.2,19.7,6.1,4.1,3.0
Stevens,53065 2015,201553065,2015,53065,6.6,26.8,4.7,6.8,,10.5,6.7,12.2,12.5,20.6,,8.5,0.6,27.8,38.8,19.0,3.6,2.2,2.9
Thurston,53067 2015,201553067,2015,53067,9.3,23.9,4.1,7.3,0.2,8.0,6.6,16.4,16,21.2,0.2,11.5,0.9,30.6,39.8,17.9,4.3,2.9,2.7
Wahkiakum,53069 2015,201553069,2015,53069,5.3,23.6,5.8,9.7,0.0,9.7,8.1,16.6,15.7,23.7,0.0,14.4,,38.6,45.6,20.9,4.5,1.6,2.8
Walla Walla,53071 2015,201553071,2015,53071,10.9,27.2,5.6,9.9,,9.5,8.0,17.8,17.9,23.0,0.1,13.7,0.7,39.6,46.7,22.3,6.7,2.5,3.3
Whatcom,53073 2015,201553073,2015,53073,8.3,23.3,4.6,8.8,0.2,8.1,7.0,15.0,17.6,21.3,0.3,11.0,1.6,35.1,44.3,20.3,5.8,3.4,3.1
Whitman,53075 2015,201553075,2015,53075,9.2,34.0,5.4,8.5,,10.5,7.1,14.7,14.1,23.7,,13.1,0.3,30.5,44.0,22.2,5.0,2.8,3.1
Yakima,53077 2015,201553077,2015,53077,8.4,25.8,4.9,7.3,0.1,9.9,7.0,16.7,17.5,27.6,0.1,12.4,0.8,41.4,50.5,22.1,4.7,3.0,2.5
State Total,.2016,201653000,2016,.,8.8,26.0,4.4,8.0,0.2,8.7,7.2,19.0,16,22.1,0.2,11.3,1.0,33.4,44.8,19.6,4.9,2.5,2.9
Adams,53001 2016,201653001,2016,53001,8.9,28.1,3.6,6.4,,8.2,5.5,20.7,10.1,28.7,,10.0,,32.9,46.7,22.7,3.3,1.5,2.8
Asotin,53003 2016,201653003,2016,53003,9.0,31.9,5.5,8.8,,12.3,7.8,18.5,16.6,25.0,,13.7,0.7,35.8,49.5,21.6,5.4,1.7,3.3
Benton,53005 2016,201653005,2016,53005,10.3,32.1,5.8,7.7,0.2,10.3,8.0,24.5,16.6,26.2,0.1,11.5,0.7,45.0,52.3,21.4,5.1,1.9,3.4
Chelan,53007 2016,201653007,2016,53007,9.6,25.0,3.4,8.2,0.1,8.4,6.9,18.7,18,21.2,0.1,9.6,0.6,29.8,45.5,18.1,4.3,2.0,2.7
Clallam,53009 2016,201653009,2016,53009,7.5,28.0,4.8,8.8,0.1,9.2,7.1,16.7,16.3,20.1,0.1,12.6,1.0,32.2,46.1,18.4,5.4,1.6,3.4
Clark,53011 2016,201653011,2016,53011,9.6,23.0,5.3,8.0,0.3,9.1,6.5,19.7,16.6,23.4,0.2,13.0,1.1,30.4,43.2,19.1,5.0,3.2,2.9
Columbia,53013 2016,201653013,2016,53013,8.9,26.6,4.5,8.5,,10.3,7.1,19.7,14.6,25.0,,11.4,,35.3,42.0,21.0,4.2,4.5,1.9
Cowlitz,53015 2016,201653015,2016,53015,8.8,26.0,5.5,8.1,0.2,11.8,6.1,20.6,18.3,23.8,0.2,14.2,1.1,29.2,45.2,20.2,5.1,3.7,2.9
Douglas,53017 2016,201653017,2016,53017,9.6,27.0,3.8,8.2,,9.4,8.2,21.0,17.4,24.2,,10.3,0.8,35.1,49.0,19.2,4.8,1.7,3.0
Ferry,53019 2016,201653019,2016,53019,4.8,24.6,2.8,5.9,0.0,9.3,4.5,12.7,9.9,18.8,,9.1,1.3,24.6,32.8,18.7,3.2,1.0,3.3
Franklin,53021 2016,201653021,2016,53021,9.5,31.7,5.3,6.6,,10.0,6.4,24.8,14.9,29.9,0.1,11.6,0.8,44.4,53.0,22.3,5.3,1.7,3.5
Garfield,53023 2016,201653023,2016,53023,11.8,29.3,3.6,8.2,,9.4,8.1,19.4,14.6,23.2,,14.8,,33.1,46.8,22.0,3.9,2.1,2.7
Grant,53025 2016,201653025,2016,53025,9.3,28.4,3.3,7.9,0.1,11.0,6.5,21.5,15.6,28.0,0.1,11.3,0.8,36.3,50.5,20.1,3.2,2.0,2.7
Grays Harbor,53027 2016,201653027,2016,53027,6.9,26.2,4.5,8.7,0.1,11.4,6.9,19.4,13.7,25.4,0.2,14.5,1.1,35.0,47.4,20.5,2.9,2.0,3.3
Island,53029 2016,201653029,2016,53029,6.8,26.0,4.1,8.3,0.2,6.7,7.8,15.6,12.8,20.0,0.1,9.6,0.6,31.0,41.9,17.4,3.5,1.1,2.5
Jefferson,53031 2016,201653031,2016,53031,5.5,23.3,3.5,7.9,,6.1,7.6,13.4,13.8,16.5,,8.3,0.9,25.9,38.4,15.4,3.3,1.0,2.6
King,53033 2016,201653033,2016,53033,10.0,24.4,4.1,8.2,0.2,6.7,7.4,19.3,15.6,20.2,0.5,10.5,1.3,31.6,43.0,19.4,5.5,3.0,3.1
Kitsap,53035 2016,201653035,2016,53035,7.8,24.5,5.2,8.0,0.2,9.0,7.7,17.6,16.6,21.3,0.2,11.6,0.9,34.6,44.5,18.1,4.8,2.1,2.7
Kittitas,53037 2016,201653037,2016,53037,8.6,25.6,2.9,8.6,0.2,8.1,7.0,14.8,12.7,20.2,,9.5,0.6,29.0,42.2,18.6,3.9,1.6,2.4
Klickitat,53039 2016,201653039,2016,53039,6.5,22.3,3.8,7.9,,8.2,6.4,11.6,12.8,20.0,,11.0,0.7,26.0,36.8,16.9,3.3,1.6,2.3
Lewis,53041 2016,201653041,2016,53041,8.3,25.8,4.0,7.7,0.1,10.9,6.6,19.5,15.7,23.3,0.1,13.3,0.9,33.8,45.5,20.1,3.5,1.8,3.0
Lincoln,53043 2016,201653043,2016,53043,7.4,28.5,3.4,7.3,,8.7,7.0,14.8,14.2,23.1,,7.9,,32.8,44.8,17.6,4.8,1.4,3.0
Mason,53045 2016,201653045,2016,53045,7.8,27.5,3.9,7.7,0.2,9.6,7.0,16.9,15.8,22.3,0.1,10.4,1.2,33.5,44.5,20.1,3.8,1.6,2.6
Okanogan,53047 2016,201653047,2016,53047,6.1,23.1,2.9,6.7,,9.3,6.2,17.4,15,21.5,,9.1,1.0,29.0,42.1,18.1,3.4,1.4,2.7
Pacific,53049 2016,201653049,2016,53049,6.5,24.6,2.9,9.8,,10.6,6.7,17.8,12.7,26.7,0.2,11.6,0.9,37.8,47.8,20.8,2.7,1.5,2.6
Pend Oreille,53051 2016,201653051,2016,53051,5.2,24.0,2.9,5.7,,9.6,6.0,14.4,12.5,21.9,,9.2,0.7,27.6,36.9,17.8,3.5,1.2,2.3
Pierce,53053 2016,201653053,2016,53053,8.5,26.8,4.9,7.8,0.2,9.6,7.3,21.0,16.5,23.0,0.2,12.6,1.1,36.4,46.9,20.8,5.5,2.7,2.8
San Juan,53055 2016,201653055,2016,53055,6.0,21.6,2.7,7.7,,3.3,6.9,8.7,10.2,11.0,,6.7,0.6,23.9,29.2,14.3,2.7,0.9,2.4
Skagit,53057 2016,201653057,2016,53057,7.2,27.0,3.7,9.2,0.2,7.8,7.4,15.9,14.6,20.6,0.1,10.3,0.8,31.4,44.8,19.0,3.6,1.5,2.9
Skamania,53059 2016,201653059,2016,53059,6.9,21.6,4.4,8.3,,8.2,4.7,14.1,14.8,18.2,,9.8,1.1,25.4,41.9,19.2,3.6,1.9,2.2
Snohomish,53061 2016,201653061,2016,53061,9.1,23.7,4.2,8.3,0.2,7.9,7.2,20.7,16.9,22.0,0.2,11.2,1.2,31.5,43.1,19.2,4.2,2.9,3.1
Spokane,53063 2016,201653063,2016,53063,9.5,28.5,4.8,7.9,0.2,9.8,7.6,18.7,17.7,21.1,0.3,10.4,0.8,35.1,46.4,19.7,6.5,3.2,3.1
Stevens,53065 2016,201653065,2016,53065,6.4,28.1,4.5,6.9,,10.5,6.5,14.5,12.6,19.8,,9.2,0.8,28.3,39.0,18.7,3.9,1.4,2.8
Thurston,53067 2016,201653067,2016,53067,9.2,25.5,4.0,7.2,0.2,8.0,6.8,18.2,16.1,21.0,0.2,11.5,0.9,30.0,39.6,17.8,4.3,2.7,2.9
Wahkiakum,53069 2016,201653069,2016,53069,5.1,25.8,4.2,9.6,0.0,7.3,6.5,19.2,13.8,23.3,,12.9,,32.1,44.0,19.5,4.2,1.4,2.5
Walla Walla,53071 2016,201653071,2016,53071,10.9,29.6,5.5,10.0,0.2,9.0,7.7,20.4,17.7,23.2,0.1,13.3,0.7,40.1,48.2,21.8,7.3,2.0,3.3
Whatcom,53073 2016,201653073,2016,53073,8.5,26.5,4.3,8.3,0.1,8.0,7.1,17.2,16.1,21.0,0.3,11.0,1.6,33.8,44.3,20.4,5.6,2.6,2.7
Whitman,53075 2016,201653075,2016,53075,9.4,33.8,4.5,8.4,0.2,10.0,6.8,16.4,13.9,23.3,,12.7,0.3,28.7,44.2,21.2,5.1,2.3,3.2
Yakima,53077 2016,201653077,2016,53077,8.8,26.6,4.6,7.2,0.1,9.9,6.8,21.1,17.6,28.0,0.1,12.7,0.8,39.4,50.9,21.9,5.2,2.4,2.6
State Total,.2017,201753000,2017,.,9.0,26.8,4.5,8.1,0.2,8.7,7.2,20.4,16.3,22.0,0.2,11.6,1.0,34.6,45.1,19.6,5.1,2.2,2.9
Adams,53001 2017,201753001,2017,53001,8.0,27.8,4.8,6.5,,7.9,6.6,22.1,11.2,29.0,,10.2,,33.2,47.3,21.2,3.1,1.1,2.8
Asotin,53003 2017,201753003,2017,53003,10.0,33.5,6.1,8.6,,13.8,8.8,21.2,18.3,25.6,,14.4,0.9,38.2,52.3,21.5,5.9,1.6,3.7
Benton,53005 2017,201753005,2017,53005,10.5,32.3,5.5,7.5,0.2,10.9,8.2,25.9,17,26.3,0.1,11.6,0.7,44.6,52.5,20.9,5.1,1.6,3.0
Chelan,53007 2017,201753007,2017,53007,10.1,26.9,3.6,8.4,0.1,7.9,6.9,20.0,19.1,20.9,0.1,9.7,0.7,33.7,46.4,18.3,4.7,1.9,2.6
Clallam,53009 2017,201753009,2017,53009,7.8,29.1,4.6,8.5,0.1,9.3,7.1,18.2,16.3,19.8,0.1,14.9,1.0,32.4,45.3,18.9,5.3,1.4,3.2
Clark,53011 2017,201753011,2017,53011,9.4,22.7,5.7,8.3,0.3,9.1,6.5,20.2,16.6,23.2,0.1,13.3,1.1,32.3,42.5,19.1,5.2,2.9,2.7
Columbia,53013 2017,201753013,2017,53013,9.5,24.7,4.8,8.7,,11.2,6.8,19.9,16.4,23.5,,12.3,,41.2,43.4,21.1,5.5,4.2,2.2
Cowlitz,53015 2017,201753015,2017,53015,8.7,27.5,5.4,8.3,0.3,11.6,6.5,22.6,19.3,24.2,0.2,14.6,1.1,32.0,46.8,21.0,5.5,3.2,3.1
Douglas,53017 2017,201753017,2017,53017,10.1,28.8,3.9,8.2,,8.7,8.3,22.2,18.5,24.1,,10.3,0.8,39.2,50.4,20.6,4.5,1.6,2.6
Ferry,53019 2017,201753019,2017,53019,4.9,23.7,2.6,5.8,0.0,8.3,5.1,13.5,10.8,19.1,,8.4,1.2,25.9,33.7,18.5,2.9,,3.3
Franklin,53021 2017,201753021,2017,53021,9.3,31.2,5.3,6.9,0.1,9.8,6.5,27.0,15.5,30.3,,12.3,0.8,45.0,53.5,22.6,4.9,1.3,3.1
Garfield,53023 2017,201753023,2017,53023,11.8,30.8,3.4,9.2,0.0,9.2,7.1,22.0,18.5,24.0,,16.3,,33.6,47.9,21.8,4.7,,3.0
Grant,53025 2017,201753025,2017,53025,9.3,30.3,3.6,7.3,0.1,10.5,6.4,23.2,16,28.0,0.1,11.2,0.7,37.4,50.8,20.1,3.3,1.8,2.5
Grays Harbor,53027 2017,201753027,2017,53027,6.7,28.0,4.5,8.7,0.1,12.2,6.8,21.4,14.3,25.6,0.2,15.0,1.2,35.7,48.7,20.3,2.8,1.8,3.1
Island,53029 2017,201753029,2017,53029,6.7,26.6,4.0,8.4,0.2,6.5,7.4,16.1,13.2,19.8,0.1,9.5,0.5,32.0,41.3,16.9,3.7,1.1,2.5
Jefferson,53031 2017,201753031,2017,53031,6.0,23.8,3.3,8.2,,5.9,7.9,14.4,14.2,15.9,0.1,8.9,0.8,27.4,37.7,16.1,3.9,0.9,2.6
King,53033 2017,201753033,2017,53033,10.2,25.0,4.2,8.3,0.2,6.7,7.6,20.5,16.2,19.9,0.5,10.8,1.3,32.8,43.5,19.6,5.7,2.7,3.1
Kitsap,53035 2017,201753035,2017,53035,8.1,25.7,5.2,8.1,0.2,9.1,7.7,19.2,16.9,21.4,0.2,11.4,0.9,34.4,45.2,18.5,5.0,1.8,2.8
Kittitas,53037 2017,201753037,2017,53037,9.0,25.4,3.1,8.6,,7.4,6.7,15.7,13.5,20.2,,9.1,0.6,29.4,41.7,18.1,4.1,1.3,2.4
Klickitat,53039 2017,201753039,2017,53039,6.9,23.7,3.3,7.7,0.2,8.2,6.3,12.5,13.2,20.2,,11.1,0.9,27.2,36.5,17.7,3.4,1.3,2.7
Lewis,53041 2017,201753041,2017,53041,8.0,26.4,3.5,7.4,0.1,10.7,6.6,20.8,16.2,23.6,0.1,13.7,1.0,34.8,45.6,20.3,3.5,1.7,2.9
Lincoln,53043 2017,201753043,2017,53043,7.2,27.6,3.1,7.0,,8.9,6.9,15.8,13.9,22.5,,7.1,,33.9,45.0,17.8,4.9,0.8,3.1
Mason,53045 2017,201753045,2017,53045,7.2,28.3,3.6,7.6,0.2,9.9,7.1,18.7,16.4,22.1,0.1,10.5,1.2,36.0,45.2,20.0,3.9,1.4,2.5
Okanogan,53047 2017,201753047,2017,53047,6.0,24.4,3.4,6.4,,9.6,6.4,18.7,15.3,21.4,,9.6,1.1,31.3,42.9,17.5,3.5,1.3,2.1
Pacific,53049 2017,201753049,2017,53049,6.9,25.4,3.4,9.7,,10.7,6.5,19.8,13.3,26.6,,12.5,1.0,37.8,48.6,20.7,3.3,1.3,2.3
Pend Oreille,53051 2017,201753051,2017,53051,6.1,25.9,3.1,6.3,,9.7,6.7,16.8,14,21.3,,9.5,0.9,30.4,39.2,18.2,4.0,0.9,2.3
Pierce,53053 2017,201753053,2017,53053,8.8,27.2,5.1,7.8,0.2,9.7,7.1,22.4,16.4,22.8,0.2,13.0,1.0,37.2,46.9,21.0,5.6,2.4,2.9
San Juan,53055 2017,201753055,2017,53055,6.2,23.4,3.2,7.7,,3.7,6.9,9.8,10.7,10.6,,6.6,0.7,24.2,30.8,14.1,2.6,0.6,2.3
Skagit,53057 2017,201753057,2017,53057,7.4,28.8,3.9,9.5,0.2,7.8,7.4,16.9,15.6,20.5,0.1,10.1,0.8,33.8,45.4,19.3,3.9,1.3,3.2
Skamania,53059 2017,201753059,2017,53059,6.1,22.1,4.9,8.0,,9.2,5.0,14.4,17.1,18.9,,10.3,1.3,28.9,42.2,18.4,3.2,1.4,2.9
Snohomish,53061 2017,201753061,2017,53061,9.2,23.9,4.5,8.4,0.2,7.9,7.3,21.7,17,22.0,0.2,11.5,1.1,32.9,43.3,19.5,4.3,2.6,3.3
Spokane,53063 2017,201753063,2017,53063,9.6,29.7,4.9,8.1,0.3,9.9,7.6,20.0,17.9,21.0,0.2,10.5,0.8,35.7,46.5,19.7,6.8,2.7,3.1
Stevens,53065 2017,201753065,2017,53065,6.4,28.6,4.0,6.9,,10.3,6.5,16.8,12.4,19.9,0.1,9.8,0.9,27.4,38.8,18.5,4.0,1.0,2.6
Thurston,53067 2017,201753067,2017,53067,8.8,26.0,3.7,7.3,0.3,7.7,6.7,18.8,16.3,20.8,0.2,11.6,0.8,31.2,40.2,17.6,4.4,2.4,2.9
Wahkiakum,53069 2017,201753069,2017,53069,4.7,25.4,3.7,9.3,,8.5,7.3,20.2,13.3,23.3,,13.0,,37.3,44.8,18.0,4.0,1.2,3.3
Walla Walla,53071 2017,201753071,2017,53071,11.2,29.4,5.5,9.8,0.2,9.5,7.6,22.3,17.8,23.4,0.1,13.0,0.7,42.7,48.8,22.2,6.9,2.1,3.1
Whatcom,53073 2017,201753073,2017,53073,8.7,29.1,4.6,8.9,0.1,7.9,6.8,18.1,16.9,20.4,0.3,11.4,1.2,35.2,44.4,20.2,5.5,2.3,3.1
Whitman,53075 2017,201753075,2017,53075,8.9,33.5,4.1,8.1,0.3,10.7,7.4,17.1,14,23.8,,12.0,,31.7,45.2,20.4,6.0,1.7,3.2
Yakima,53077 2017,201753077,2017,53077,9.1,26.1,4.6,7.4,0.2,9.8,6.6,22.4,17.4,27.7,0.1,12.3,0.9,40.3,50.4,20.9,4.9,2.1,2.7
State Total,.2018,201853000,2018,.,8.9,27.2,4.2,8.2,0.2,8.5,7.4,20.8,16.6,21.8,0.2,11.8,0.9,35.0,45.4,19.9,5.3,2.1,2.9
Adams,53001 2018,201853001,2018,53001,8.5,28.8,4.6,7.3,,8.2,7.3,23.2,11.6,29.4,,10.6,,33.9,49.4,21.5,2.8,1.0,2.7
Asotin,53003 2018,201853003,2018,53003,10.5,34.5,5.6,8.6,,13.3,8.2,22.0,20.1,25.2,,14.7,0.8,39.4,52.8,21.6,7.0,1.6,3.6
Benton,53005 2018,201853005,2018,53005,10.5,32.9,5.0,7.8,0.2,10.6,8.2,27.2,17.4,26.8,0.1,11.6,0.7,44.4,52.2,21.0,5.2,1.7,2.8
Chelan,53007 2018,201853007,2018,53007,10.6,27.2,3.3,8.7,0.1,8.0,7.4,20.4,20,21.1,,10.4,0.7,34.3,47.2,18.7,4.6,1.9,2.7
Clallam,53009 2018,201853009,2018,53009,8.2,30.2,4.4,8.4,0.1,8.8,7.0,18.8,16.9,19.5,0.1,14.6,0.9,31.8,45.3,19.7,4.8,1.4,3.1
Clark,53011 2018,201853011,2018,53011,9.3,22.9,5.2,8.3,0.3,8.9,6.8,20.6,17.3,22.9,0.1,13.6,1.0,31.6,42.9,19.9,5.2,2.9,2.8
Columbia,53013 2018,201853013,2018,53013,10.0,24.5,4.5,8.7,,12.3,7.5,21.0,16.7,23.2,,13.1,,42.1,46.1,22.2,8.6,3.4,1.9
Cowlitz,53015 2018,201853015,2018,53015,8.8,28.2,5.4,8.6,0.2,11.8,6.9,22.5,19.9,24.1,0.2,15.3,1.2,34.7,48.6,20.8,5.5,3.3,3.3
Douglas,53017 2018,201853017,2018,53017,10.1,30.1,3.6,8.5,,9.0,8.4,22.1,19.9,23.6,,11.1,0.8,38.5,51.0,21.2,4.9,1.8,2.5
Ferry,53019 2018,201853019,2018,53019,5.0,24.1,2.9,5.9,,9.3,4.6,14.9,11.4,19.4,,8.2,1.0,25.2,36.6,19.5,2.6,,2.3
Franklin,53021 2018,201853021,2018,53021,9.3,31.4,4.4,7.0,0.1,9.6,6.5,27.9,15.1,29.7,,11.9,0.8,45.0,52.7,22.5,4.9,1.2,2.8
Garfield,53023 2018,201853023,2018,53023,12.5,33.3,3.6,9.8,0.0,11.6,7.2,24.6,19.5,25.2,,16.9,,37.9,55.2,20.0,6.4,,3.4
Grant,53025 2018,201853025,2018,53025,9.5,30.7,3.1,7.4,0.1,10.3,7.1,24.0,16.8,27.7,0.1,11.6,0.6,38.2,51.3,20.4,3.3,1.8,2.1
Grays Harbor,53027 2018,201853027,2018,53027,6.6,28.5,4.4,8.6,0.2,12.0,6.7,22.0,16.2,25.3,0.2,14.6,1.1,36.5,49.2,20.3,2.9,2.1,2.9
Island,53029 2018,201853029,2018,53029,6.8,26.7,3.8,8.2,0.2,6.6,7.5,16.0,13.6,19.4,0.1,9.6,0.5,33.3,42.5,17.1,3.9,1.1,2.7
Jefferson,53031 2018,201853031,2018,53031,5.7,25.3,3.5,7.7,0.1,6.2,8.0,14.6,14.6,15.8,0.1,8.9,0.9,29.3,38.7,15.8,4.7,0.8,2.6
King,53033 2018,201853033,2018,53033,10.1,25.5,4.2,8.3,0.2,6.6,7.9,20.8,16.3,19.6,0.5,11.2,1.1,33.3,43.8,19.8,6.2,2.6,3.0
Kitsap,53035 2018,201853035,2018,53035,8.1,26.7,4.8,8.2,0.2,8.8,8.0,19.1,17,21.0,0.2,11.7,0.8,34.9,45.3,19.1,5.4,1.6,2.7
Kittitas,53037 2018,201853037,2018,53037,8.2,26.5,3.2,8.3,0.2,7.4,6.3,16.7,13.1,19.4,,8.9,0.6,29.6,42.4,18.0,4.0,1.2,2.2
Klickitat,53039 2018,201853039,2018,53039,6.7,24.0,3.2,7.9,0.2,7.6,6.3,12.8,13.4,19.8,,10.1,0.9,27.2,36.9,18.4,3.4,1.1,2.4
Lewis,53041 2018,201853041,2018,53041,7.8,25.7,3.3,7.9,0.1,9.8,6.8,21.3,16,23.3,0.1,13.7,0.8,35.4,46.7,20.4,3.6,1.8,2.8
Lincoln,53043 2018,201853043,2018,53043,7.4,26.7,2.9,7.8,,8.5,6.9,15.6,13,21.8,,8.4,,32.0,43.5,18.1,4.4,0.8,2.9
Mason,53045 2018,201853045,2018,53045,6.7,28.8,3.6,7.5,0.2,9.8,7.7,18.7,17,22.0,0.1,10.9,1.0,36.3,46.5,20.3,4.6,1.4,2.5
Okanogan,53047 2018,201853047,2018,53047,6.0,24.1,3.2,7.0,,9.0,6.2,18.5,15.5,21.5,,9.7,1.0,31.7,43.7,17.8,3.3,1.2,2.0
Pacific,53049 2018,201853049,2018,53049,6.9,25.8,3.5,9.5,,10.9,6.7,21.1,14.7,26.1,0.2,12.8,1.0,40.5,50.9,20.6,3.4,1.1,2.1
Pend Oreille,53051 2018,201853051,2018,53051,6.1,25.9,2.8,6.2,,9.6,6.4,16.7,12.6,21.4,,9.0,0.7,27.7,38.8,17.6,3.9,1.2,1.7
Pierce,53053 2018,201853053,2018,53053,8.9,27.5,4.6,8.0,0.2,9.4,7.0,22.7,16.4,22.7,0.2,13.7,0.9,37.3,47.2,21.2,5.6,2.3,2.8
San Juan,53055 2018,201853055,2018,53055,5.7,22.4,3.0,7.7,,3.5,7.2,9.8,11.2,10.7,,7.1,0.7,22.3,30.3,15.0,2.8,0.7,2.3
Skagit,53057 2018,201853057,2018,53057,7.7,30.2,3.8,9.4,0.2,7.2,7.4,17.4,16.2,19.9,0.1,10.5,0.6,34.8,45.0,19.9,4.6,1.3,2.9
Skamania,53059 2018,201853059,2018,53059,6.4,25.0,5.1,7.9,,8.7,5.4,14.2,17.5,18.6,,11.0,1.5,27.1,41.4,19.5,3.5,1.2,2.3
Snohomish,53061 2018,201853061,2018,53061,9.2,24.1,4.1,8.5,0.3,7.6,7.4,22.0,17.1,21.8,0.2,11.7,0.9,33.1,43.5,19.5,4.7,2.4,3.1
Spokane,53063 2018,201853063,2018,53063,9.5,30.7,4.5,8.3,0.3,9.6,7.6,20.6,17.7,21.0,0.2,10.9,0.7,35.9,46.4,19.9,7.1,2.6,3.2
Stevens,53065 2018,201853065,2018,53065,6.3,27.6,3.7,6.5,,10.2,6.6,17.0,13.1,19.7,0.1,9.4,0.9,26.1,39.0,18.1,3.8,1.1,2.8
Thurston,53067 2018,201853067,2018,53067,8.7,25.9,3.5,7.1,0.3,7.4,6.9,19.2,16.1,20.8,0.2,11.8,0.7,31.7,40.6,18.0,4.8,2.1,2.6
Wahkiakum,53069 2018,201853069,2018,53069,5.3,25.7,4.2,9.9,,9.1,7.3,19.6,13.5,23.2,0.0,14.5,,36.5,45.1,19.4,4.3,1.3,3.2
Walla Walla,53071 2018,201853071,2018,53071,11.6,28.1,4.9,9.3,0.2,9.4,7.6,23.1,17.8,23.6,0.1,13.6,0.7,42.1,50.4,22.5,6.9,2.2,3.4
Whatcom,53073 2018,201853073,2018,53073,8.6,29.8,4.6,9.0,0.2,7.8,7.3,18.7,17.2,20.1,0.3,11.6,1.0,34.5,44.4,20.7,5.7,2.2,3.2
Whitman,53075 2018,201853075,2018,53075,8.7,34.9,3.6,8.3,0.3,10.3,7.1,17.9,15,23.5,,12.9,0.2,31.2,44.4,20.3,6.9,1.8,2.9
Yakima,53077 2018,201853077,2018,53077,9.3,26.0,4.3,8.2,0.2,9.3,6.9,23.0,17.9,27.4,0.1,11.8,0.8,42.0,50.7,20.9,4.9,2.0,2.6
